antecedent_idx,consequent_idx,pair_count,support,confidence,lift,rule_score,antecedent_artistID,consequent_artistID,antecedent,consequent
3538,2453,6,0.003171247357293869,1.0,210.22222222222223,7.715771371897083,3588,2468,Kenny Chesney,Alan Jackson
3437,1799,6,0.003171247357293869,1.0,135.14285714285714,7.0783414512817915,3474,1808,Danger Danger,Ratt
4609,306,5,0.002642706131078224,1.0,118.25,6.885696373339395,4713,312,Teairra Mari,Cassie
4491,3195,5,0.002642706131078224,1.0,111.29411764705883,6.798233532089056,4585,3227,Method Man,Wu-Tang Clan
763,735,6,0.003171247357293869,1.0,105.11111111111111,6.715771371897083,772,744,Proem,Autechre
763,610,6,0.003171247357293869,1.0,105.11111111111111,6.715771371897083,772,616,Proem,Squarepusher
6477,272,5,0.002642706131078224,1.0,99.57894736842105,6.63776885989581,6619,278,Obie Trice,2Pac
3538,2438,5,0.002642706131078224,0.8333333333333334,225.23809523809527,6.512755871206664,3588,2453,Kenny Chesney,Tim McGraw
363,382,7,0.0036997885835095136,0.875,165.55,6.449732800445933,369,388,2PM,B2ST
2438,2453,6,0.003171247357293869,0.8571428571428571,180.19047619047618,6.422896243337687,2453,2468,Tim McGraw,Alan Jackson
3533,2453,6,0.003171247357293869,0.8571428571428571,180.19047619047618,6.422896243337687,3583,2468,Luke Bryan,Alan Jackson
2440,2453,6,0.003171247357293869,0.8571428571428571,180.19047619047618,6.422896243337687,2455,2468,Toby Keith,Alan Jackson
763,2657,5,0.002642706131078224,0.8333333333333334,197.08333333333334,6.352218306254668,772,2677,Proem,Bola
11478,2874,5,0.002642706131078224,0.8333333333333334,197.08333333333334,6.352218306254668,11885,2894,Johnny Winter,Buddy Guy
6816,2297,5,0.002642706131078224,0.8333333333333334,197.08333333333334,6.352218306254668,6961,2312,Grup Yorum,Ahmet Kaya
8238,2297,5,0.002642706131078224,0.8333333333333334,197.08333333333334,6.352218306254668,8439,2312,Metin & Kemal Kahraman,Ahmet Kaya
5175,1402,6,0.003171247357293869,1.0,78.83333333333333,6.300733872618239,5297,1411,Van der Graaf Generator,King Crimson
2649,2651,6,0.003171247357293869,0.8571428571428571,162.17142857142855,6.292607877527644,2669,2671,µ-Ziq,Kettel
4664,1179,5,0.002642706131078224,1.0,75.67999999999999,6.24184018356467,4774,1188,Adept,Asking Alexandria
6321,3566,5,0.002642706131078224,1.0,72.76923076923077,6.1852566551983035,6463,3616,Manchester Orchestra,Brand New
6967,1121,5,0.002642706131078224,1.0,72.76923076923077,6.1852566551983035,7119,1130,Johannes Brahms,Ludwig van Beethoven
1268,17,6,0.003171247357293869,0.8571428571428571,147.42857142857142,6.174747714313414,1277,19,Velvet Acid Christ,:wumpscut:
2438,2427,6,0.003171247357293869,0.8571428571428571,147.42857142857142,6.174747714313414,2453,2442,Tim McGraw,Garth Brooks
2874,2844,7,0.0036997885835095136,0.875,127.34615384615385,6.118535130098919,2894,2864,Buddy Guy,Stevie Ray Vaughan and Double Trouble
763,2651,5,0.002642706131078224,0.8333333333333334,157.66666666666669,6.083944893848533,772,2671,Proem,Kettel
4082,2601,5,0.002642706131078224,0.8333333333333334,157.66666666666669,6.083944893848533,4166,2621,Confide,We Came As Romans
373,368,8,0.004228329809725159,1.0,65.24137931034483,6.027715378211823,379,374,中島美嘉,宇多田ヒカル
2411,1844,5,0.002642706131078224,1.0,65.24137931034483,6.027715378211823,2426,1853,I See Stars,blessthefall
1434,1424,5,0.002642706131078224,0.8333333333333334,143.33333333333334,5.9693586240569205,1443,1433,Wisin & Yandel,Daddy Yankee
3538,2427,5,0.002642706131078224,0.8333333333333334,143.33333333333334,5.9693586240569205,3588,2442,Kenny Chesney,Garth Brooks
16,1294,6,0.003171247357293869,0.8571428571428571,124.74725274725274,5.968169343310161,18,1303,The Crüxshadows,Assemblage 23
2949,815,6,0.003171247357293869,0.8571428571428571,124.74725274725274,5.968169343310161,2969,824,Wintersun,Ensiferum
1328,1248,6,0.003171247357293869,0.8571428571428571,124.74725274725274,5.968169343310161,1337,1257,Nuclear Assault,Overkill
3817,3243,6,0.003171247357293869,1.0,59.125,5.885696373339395,3893,3280,This Mortal Coil,Cocteau Twins
1846,1850,5,0.002642706131078224,0.8333333333333334,131.38888888888889,5.864749555653704,1855,1859,Pillar,Thousand Foot Krutch
1937,3195,7,0.0036997885835095136,0.875,97.38235294117648,5.779889897378327,1952,3227,Raekwon,Wu-Tang Clan
763,2653,5,0.002642706131078224,0.8333333333333334,121.2820512820513,5.768518541137091,772,2673,Proem,Plaid
9587,943,6,0.003171247357293869,1.0,54.05714285714285,5.756413356394429,9822,952,Firehouse,Skid Row
575,577,5,0.002642706131078224,0.8333333333333334,112.61904761904763,5.679422537873331,581,583,Elmore James,John Lee Hooker
2438,3538,5,0.002642706131078224,0.7142857142857143,225.23809523809524,5.582362175319998,2453,3588,Tim McGraw,Kenny Chesney
3538,350,5,0.002642706131078224,0.8333333333333334,98.54166666666667,5.518884972921335,3588,356,Kenny Chesney,Brad Paisley
575,559,5,0.002642706131078224,0.8333333333333334,98.54166666666667,5.518884972921335,581,565,Elmore James,Howlin' Wolf
2453,2427,7,0.0036997885835095136,0.7777777777777778,133.77777777777777,5.493984747469081,2468,2442,Alan Jackson,Garth Brooks
9587,4081,5,0.002642706131078224,0.8333333333333334,92.74509803921569,5.445999271879385,9822,4165,Firehouse,Poison
2649,2648,6,0.003171247357293869,0.8571428571428571,81.08571428571427,5.435465020384787,2669,2668,µ-Ziq,Amon Tobin
2434,2440,5,0.002642706131078224,0.7142857142857143,193.06122448979593,5.423510445793964,2449,2455,Brooks & Dunn,Toby Keith
2440,2434,5,0.002642706131078224,0.7142857142857143,193.06122448979593,5.423510445793964,2455,2449,Toby Keith,Brooks & Dunn
607,604,8,0.004228329809725159,0.8888888888888888,67.27111111111111,5.397257939664318,613,610,John Coltrane,Miles Davis
7926,722,8,0.004228329809725159,1.0,42.044444444444444,5.39384327700972,8111,728,The Allman Brothers Band,Eric Clapton
9151,1446,5,0.002642706131078224,1.0,42.044444444444444,5.39384327700972,9384,1455,Young Money,B.o.B
2851,722,5,0.002642706131078224,1.0,42.044444444444444,5.39384327700972,2871,728,Rory Gallagher,Eric Clapton
3434,1357,5,0.002642706131078224,0.8333333333333334,87.5925925925926,5.377280805052741,3471,1366,Quiet Riot,W.A.S.P.
2656,735,5,0.002642706131078224,0.8333333333333334,87.5925925925926,5.377280805052741,2676,744,Tycho,Autechre
4358,1510,5,0.002642706131078224,0.8333333333333334,75.07936507936508,5.191953787272368,4442,1519,Ryan Adams & The Cardinals,Ryan Adams
1906,387,5,0.002642706131078224,0.7142857142857143,150.15873015873015,5.16453181766203,1918,393,동방신기,Super Junior
2434,2453,5,0.002642706131078224,0.7142857142857143,150.15873015873015,5.16453181766203,2449,2468,Brooks & Dunn,Alan Jackson
8522,8518,5,0.002642706131078224,0.7142857142857143,150.15873015873015,5.16453181766203,8732,8728,Fernandinho,Oficina G3
2619,2607,5,0.002642706131078224,0.7142857142857143,150.15873015873015,5.16453181766203,2639,2627,Ben Folds Five,Ben Folds
2452,2453,5,0.002642706131078224,0.7142857142857143,150.15873015873015,5.16453181766203,2467,2468,George Strait,Alan Jackson
2944,1979,5,0.002642706131078224,0.7142857142857143,150.15873015873015,5.16453181766203,2964,1994,Strapping Young Lad,Devin Townsend
2649,2131,5,0.002642706131078224,0.7142857142857143,150.15873015873015,5.16453181766203,2669,2146,µ-Ziq,AFX
382,363,7,0.0036997885835095136,0.7,165.54999999999998,5.159786240356746,388,369,B2ST,2PM
2453,3538,6,0.003171247357293869,0.6666666666666666,210.22222222222223,5.143847581264722,2468,3588,Alan Jackson,Kenny Chesney
3453,368,7,0.0036997885835095136,0.875,57.08620689655172,5.1056865127357485,3490,374,Utada,宇多田ヒカル
791,777,5,0.002642706131078224,0.8333333333333334,68.55072463768116,5.082583342873824,800,786,Atomic Kitten,Mandy Moore
1343,1351,5,0.002642706131078224,1.0,33.785714285714285,5.0783414512817915,1352,1360,Death Angel,Motörhead
7926,6904,6,0.003171247357293869,0.75,109.15384615384616,5.077664366939595,8111,7056,The Allman Brothers Band,B.B. King
2453,350,7,0.0036997885835095136,0.7777777777777778,91.97222222222221,5.073542673075868,2468,356,Alan Jackson,Brad Paisley
373,369,7,0.0036997885835095136,0.875,55.18333333333334,5.062890612314921,379,375,中島美嘉,浜崎あゆみ
2091,382,5,0.002642706131078224,0.7142857142857143,135.14285714285714,5.055958179486994,2106,388,U-KISS,B2ST
1906,2082,5,0.002642706131078224,0.7142857142857143,135.14285714285714,5.055958179486994,1918,2097,동방신기,Brown Eyed Girls
2953,1799,6,0.003171247357293869,0.75,101.35714285714286,4.9974779640022104,2973,1808,Dokken,Ratt
2874,577,6,0.003171247357293869,0.75,101.35714285714286,4.9974779640022104,2894,583,Buddy Guy,John Lee Hooker
2453,3533,6,0.003171247357293869,0.6666666666666666,180.19047619047618,4.995585967040423,2468,3583,Alan Jackson,Luke Bryan
2453,2440,6,0.003171247357293869,0.6666666666666666,180.19047619047618,4.995585967040423,2468,2455,Alan Jackson,Toby Keith
2453,2438,6,0.003171247357293869,0.6666666666666666,180.19047619047618,4.995585967040423,2468,2453,Alan Jackson,Tim McGraw
1181,1179,5,0.002642706131078224,0.8333333333333334,63.06666666666667,4.982338148109064,1190,1188,We Are The Ocean,Asking Alexandria
4082,1179,5,0.002642706131078224,0.8333333333333334,63.06666666666667,4.982338148109064,4166,1188,Confide,Asking Alexandria
2440,2427,5,0.002642706131078224,0.7142857142857143,122.85714285714286,4.957741376808468,2455,2442,Toby Keith,Garth Brooks
2091,1894,5,0.002642706131078224,0.7142857142857143,122.85714285714286,4.957741376808468,2106,1904,U-KISS,SHINee
2438,2421,5,0.002642706131078224,0.7142857142857143,122.85714285714286,4.957741376808468,2453,2436,Tim McGraw,Keith Urban
2452,2427,5,0.002642706131078224,0.7142857142857143,122.85714285714286,4.957741376808468,2467,2442,George Strait,Garth Brooks
4168,424,6,0.003171247357293869,1.0,30.51612903225806,4.931500062952519,4252,430,Paloma Faith,Kate Nash
7648,807,5,0.002642706131078224,1.0,30.51612903225806,4.931500062952519,7831,816,Sleeping With Sirens,A Day to Remember
1343,1363,5,0.002642706131078224,1.0,30.031746031746028,4.9084164498394784,1352,1372,Death Angel,Deep Purple
3277,3281,5,0.002642706131078224,0.7142857142857143,112.61904761904762,4.868076461034284,3314,3318,Mýa,Trey Songz
2091,361,5,0.002642706131078224,0.7142857142857143,112.61904761904762,4.868076461034284,2106,367,U-KISS,BIG BANG
1343,1349,5,0.002642706131078224,1.0,28.666666666666668,4.841302253980942,1352,1358,Death Angel,Judas Priest
1514,832,5,0.002642706131078224,1.0,28.238805970149254,4.819607182881623,1523,841,Tankard,Slayer
2657,763,5,0.002642706131078224,0.625,197.08333333333334,4.764163729691001,2677,772,Bola,Proem
2297,8238,5,0.002642706131078224,0.625,197.08333333333334,4.764163729691001,2312,8439,Ahmet Kaya,Metin & Kemal Kahraman
2874,11478,5,0.002642706131078224,0.625,197.08333333333334,4.764163729691001,2894,11885,Buddy Guy,Johnny Winter
2297,6816,5,0.002642706131078224,0.625,197.08333333333334,4.764163729691001,2312,6961,Ahmet Kaya,Grup Yorum
4973,369,5,0.002642706131078224,0.8333333333333334,52.555555555555564,4.763142809914236,5089,375,大塚愛,浜崎あゆみ
2764,943,6,0.003171247357293869,0.8571428571428571,46.33469387755101,4.743446515763983,2784,952,Hanoi Rocks,Skid Row
1825,279,5,0.002642706131078224,1.0,26.64788732394366,4.735949253834713,1834,285,Diana Ross,Janet Jackson
2601,1179,8,0.004228329809725159,0.8,60.544000000000004,4.735929670941847,2621,1188,We Came As Romans,Asking Alexandria
2657,735,6,0.003171247357293869,0.75,78.83333333333333,4.72555040446368,2677,744,Bola,Autechre
4712,4711,7,0.0036997885835095136,0.7777777777777778,66.88888888888889,4.716206969691303,4822,4821,No Use for a Name,NOFX
3982,3993,5,0.002642706131078224,0.7142857142857143,96.53061224489797,4.709224731508249,4058,4069,The Brian Jonestown Massacre,The Dandy Warhols
2886,1604,8,0.004228329809725159,1.0,25.91780821917808,4.695871814459378,2906,1613,"Royce da 5'9""",Jay-Z
5411,1028,5,0.002642706131078224,1.0,25.91780821917808,4.695871814459378,5534,1037,Alexis Jordan,Nicki Minaj
2896,1604,5,0.002642706131078224,1.0,25.91780821917808,4.695871814459378,2916,1613,Lloyd Banks,Jay-Z
2189,1532,5,0.002642706131078224,0.8333333333333334,49.270833333333336,4.6855516395880015,2204,1541,Of Mice & Men,The Devil Wears Prada
7,1900,6,0.003171247357293869,0.6666666666666666,126.13333333333333,4.652537185153918,8,1910,DIR EN GREY,the GazettE
6614,626,8,0.004228329809725159,0.8888888888888888,37.37283950617284,4.643482911615473,6759,632,This Will Destroy You,Explosions in the Sky
1906,2077,5,0.002642706131078224,0.7142857142857143,90.0952380952381,4.638127821829025,1918,2092,동방신기,소녀시대
2649,2647,5,0.002642706131078224,0.7142857142857143,90.0952380952381,4.638127821829025,2669,2667,µ-Ziq,The Flashbulb
4680,1402,7,0.0036997885835095136,0.7777777777777778,61.31481481481482,4.6185718391816355,4790,1411,Gentle Giant,King Crimson
1846,365,5,0.002642706131078224,0.8333333333333334,46.372549019607845,4.612665938546051,1855,371,Pillar,Skillet
1018,94,8,0.004228329809725159,0.7272727272727273,80.94117647058825,4.610037755237643,1027,100,Heaven 17,ABC
10133,433,5,0.002642706131078224,1.0,24.256410256410255,4.6002941544771465,10418,439,Novos Baianos,Los Hermanos
1018,984,9,0.0047568710359408035,0.8181818181818182,48.375,4.5787007095727,1027,993,Heaven 17,Simple Minds
999,988,5,0.002642706131078224,0.8333333333333334,45.047619047619044,4.577815792133863,1008,997,Level 42,The Human League
3437,943,5,0.002642706131078224,0.8333333333333334,45.047619047619044,4.577815792133863,3474,952,Danger Danger,Skid Row
3533,350,5,0.002642706131078224,0.7142857142857143,84.46428571428571,4.571621104406538,3583,356,Luke Bryan,Brad Paisley
2440,350,5,0.002642706131078224,0.7142857142857143,84.46428571428571,4.571621104406538,2455,356,Toby Keith,Brad Paisley
577,559,10,0.005285412262156448,0.7142857142857143,84.46428571428571,4.571621104406538,583,565,John Lee Hooker,Howlin' Wolf
2438,350,5,0.002642706131078224,0.7142857142857143,84.46428571428571,4.571621104406538,2453,356,Tim McGraw,Brad Paisley
3277,316,5,0.002642706131078224,0.7142857142857143,84.46428571428571,4.571621104406538,3314,322,Mýa,Ashanti
2434,350,5,0.002642706131078224,0.7142857142857143,84.46428571428571,4.571621104406538,2449,356,Brooks & Dunn,Brad Paisley
3437,2767,5,0.002642706131078224,0.8333333333333334,43.7962962962963,4.543947471719408,3474,2787,Danger Danger,Whitesnake
8119,728,5,0.002642706131078224,0.8333333333333334,43.7962962962963,4.543947471719408,8312,734,John Mellencamp,Bruce Springsteen
1920,326,8,0.004228329809725159,0.8888888888888888,34.321995464852606,4.534276913583889,1935,332,Solange,Kelly Rowland
1886,1004,10,0.005285412262156448,0.7692307692307693,58.215384615384615,4.510252738700724,1895,1013,Visage,Ultravox
243,261,6,0.003171247357293869,0.75,64.5,4.5084204415674405,249,267,Common,Nas
2536,2542,5,0.002642706131078224,0.625,147.8125,4.504765292641723,2556,2562,The Power Station,Arcadia
2542,2536,5,0.002642706131078224,0.625,147.8125,4.504765292641723,2562,2556,Arcadia,The Power Station
2427,2453,7,0.0036997885835095136,0.6363636363636364,133.77777777777777,4.49507842974743,2442,2468,Garth Brooks,Alan Jackson
999,187,5,0.002642706131078224,0.8333333333333334,41.491228070175445,4.4789453783850135,1008,193,Level 42,Tears for Fears
1018,988,9,0.0047568710359408035,0.8181818181818182,44.22857142857143,4.472923695708636,1027,997,Heaven 17,The Human League
3533,2424,5,0.002642706131078224,0.7142857142857143,75.07936507936508,4.450246103376315,3583,2439,Luke Bryan,Rascal Flatts
2649,735,5,0.002642706131078224,0.7142857142857143,75.07936507936508,4.450246103376315,2669,744,µ-Ziq,Autechre
2438,2424,5,0.002642706131078224,0.7142857142857143,75.07936507936508,4.450246103376315,2453,2439,Tim McGraw,Rascal Flatts
2649,610,5,0.002642706131078224,0.7142857142857143,75.07936507936508,4.450246103376315,2669,616,µ-Ziq,Squarepusher
3538,354,5,0.002642706131078224,0.8333333333333334,40.427350427350426,4.4477164572027945,3588,360,Kenny Chesney,Shania Twain
5996,4718,8,0.004228329809725159,0.7272727272727273,68.8,4.4395175707743535,6121,4828,Scracho,Forfun
2853,722,6,0.003171247357293869,0.8571428571428571,36.03809523809524,4.432672162005662,2873,728,Joe Bonamassa,Eric Clapton
986,45,5,0.002642706131078224,1.0,21.5,4.426264754702098,995,51,China Crisis,Duran Duran
795,821,5,0.002642706131078224,0.8333333333333334,39.41666666666667,4.417278227181866,804,830,Darkest Hour,Atreyu
7651,1036,6,0.003171247357293869,0.8571428571428571,35.254658385093165,4.405493139382229,7834,1045,Esteban,Fresno
2651,2649,6,0.003171247357293869,0.6,162.17142857142858,4.40482551426935,2671,2669,Kettel,µ-Ziq
363,387,5,0.002642706131078224,0.625,131.38888888888889,4.398562166740278,369,393,2PM,Super Junior
5307,7505,5,0.002642706131078224,0.625,131.38888888888889,4.398562166740278,5429,7663,Good Shoes,The Futureheads
1969,1966,5,0.002642706131078224,0.625,131.38888888888889,4.398562166740278,1984,1981,Pidżama Porno,Kult
769,2131,5,0.002642706131078224,0.625,131.38888888888889,4.398562166740278,778,2146,Ochre,AFX
2083,2076,5,0.002642706131078224,0.7142857142857143,71.12781954887218,4.394530023375406,2098,2091,Kara,4minute
281,256,5,0.002642706131078224,0.7142857142857143,71.12781954887218,4.394530023375406,287,262,Monica,Mary J. Blige
1328,938,5,0.002642706131078224,0.7142857142857143,67.57142857142857,4.34167246520128,1337,947,Nuclear Assault,Testament
76,3692,5,0.002642706131078224,0.7142857142857143,67.57142857142857,4.34167246520128,82,3768,Marc Almond,Soft Cell
2651,735,7,0.0036997885835095136,0.7,73.57777777777777,4.340838739347126,2671,744,Kettel,Autechre
2237,261,8,0.004228329809725159,0.7272727272727273,62.54545454545455,4.339515008047128,2252,267,Mobb Deep,Nas
9587,1794,5,0.002642706131078224,0.8333333333333334,36.666666666666664,4.330331010669586,9822,1803,Firehouse,Mötley Crüe
1526,1977,6,0.003171247357293869,0.6666666666666666,90.09523809523809,4.328919300373756,1535,1992,Mercyful Fate,King Diamond
3277,326,6,0.003171247357293869,0.8571428571428571,33.096209912536445,4.327366378189491,3314,332,Mýa,Kelly Rowland
2657,739,7,0.0036997885835095136,0.875,30.1,4.297730134138297,2677,748,Bola,Boards of Canada
1618,1928,11,0.005813953488372093,0.7333333333333333,57.81111111111111,4.292401590141146,1627,1943,J Dilla,Flying Lotus
811,812,5,0.002642706131078224,0.7142857142857143,64.35374149659863,4.291394373850281,820,821,At the Gates,Amon Amarth
2653,735,9,0.0047568710359408035,0.6923076923076923,72.76923076923076,4.282100761291132,2673,744,Plaid,Autechre
902,897,7,0.0036997885835095136,0.875,29.5625,4.274984326671971,911,906,Rachel Stevens,Girls Aloud
16,1289,5,0.002642706131078224,0.7142857142857143,61.42857142857143,4.243455662522754,18,1298,The Crüxshadows,Apoptygma Berzerk
1328,1518,5,0.002642706131078224,0.7142857142857143,61.42857142857143,4.243455662522754,1337,1527,Nuclear Assault,Anthrax
2651,2648,7,0.0036997885835095136,0.7,66.22,4.234436573935592,2671,2668,Kettel,Amon Tobin
2253,434,5,0.002642706131078224,0.8333333333333334,33.54609929078014,4.22339426318997,2268,440,Dirty Projectors,Animal Collective
5053,1363,8,0.004228329809725159,0.8888888888888888,26.694885361552025,4.2119923985752585,5172,1372,Grand Funk Railroad,Deep Purple
1900,7,6,0.003171247357293869,0.6,126.13333333333333,4.187283466638526,1910,8,the GazettE,DIR EN GREY
2649,597,6,0.003171247357293869,0.8571428571428571,28.959183673469386,4.162242025667436,2669,603,µ-Ziq,Aphex Twin
1283,1294,7,0.0036997885835095136,0.6363636363636364,92.61538461538461,4.1574781554845694,1292,1303,mind.in.a.box,Assemblage 23
476,3280,5,0.002642706131078224,0.7142857142857143,56.30952380952381,4.1537907467485695,482,3317,Jeremih,Drake
7842,448,6,0.003171247357293869,0.6666666666666666,74.19607843137256,4.1421806875786,8027,454,Jónsi & Alex,Jónsi
903,4813,6,0.003171247357293869,0.6666666666666666,74.19607843137256,4.1421806875786,912,4923,Carter Burwell,Alexandre Desplat
2326,718,6,0.003171247357293869,0.8571428571428571,28.45112781954887,4.140354803861318,2341,724,Twisted Sister,Ozzy Osbourne
3953,1387,5,0.002642706131078224,0.625,98.54166666666667,4.139163729691001,4029,1396,Boys Noize,Digitalism
85,985,5,0.002642706131078224,0.625,98.54166666666667,4.139163729691001,91,994,Nik Kershaw,Howard Jones
363,361,5,0.002642706131078224,0.625,98.54166666666667,4.139163729691001,369,367,2PM,BIG BANG
1937,3320,5,0.002642706131078224,0.625,98.54166666666667,4.139163729691001,1952,3357,Raekwon,Notorious B.I.G.
5563,1360,5,0.002642706131078224,1.0,17.2,4.104336659814735,5688,1369,Heaven & Hell,Black Sabbath
8584,859,6,0.003171247357293869,1.0,17.2,4.104336659814735,8794,868,Nazareth,The Doors
1343,1360,5,0.002642706131078224,1.0,17.2,4.104336659814735,1352,1369,Death Angel,Black Sabbath
3439,1360,13,0.006871035940803382,1.0,17.2,4.104336659814735,3476,1369,Saxon,Black Sabbath
1882,984,6,0.003171247357293869,0.75,44.34375,4.102994155545414,1891,993,Thomas Dolby,Simple Minds
3912,147,11,0.005813953488372093,0.7333333333333333,47.84367816091954,4.092188027576441,3988,153,Mesh,De/Vision
816,1187,6,0.003171247357293869,0.6666666666666666,70.07407407407406,4.087205914117284,825,1196,Whitechapel,Suicide Silence
2453,2424,6,0.003171247357293869,0.6666666666666666,70.07407407407406,4.087205914117284,2468,2439,Alan Jackson,Rascal Flatts
2453,354,7,0.0036997885835095136,0.7777777777777778,37.73219373219373,4.073785391738563,2468,360,Alan Jackson,Shania Twain
7926,2844,5,0.002642706131078224,0.625,90.96153846153847,4.0669904688035405,8111,2864,The Allman Brothers Band,Stevie Ray Vaughan and Double Trouble
2874,2822,5,0.002642706131078224,0.625,90.96153846153847,4.0669904688035405,2894,2842,Buddy Guy,Stevie Ray Vaughan
1252,945,11,0.005813953488372093,0.7333333333333333,46.248888888888885,4.056320987223747,1261,954,Sodom,Kreator
4051,1999,7,0.0036997885835095136,0.7777777777777778,36.78888888888889,4.045376377052364,4135,2014,Xandria,Lacuna Coil
2656,739,5,0.002642706131078224,0.8333333333333334,28.666666666666668,4.034418544984119,2676,748,Tycho,Boards of Canada
763,739,5,0.002642706131078224,0.8333333333333334,28.666666666666668,4.034418544984119,772,748,Proem,Boards of Canada
387,1906,5,0.002642706131078224,0.5555555555555556,150.15873015873018,4.016858080403801,393,1918,Super Junior,동방신기
2453,2452,5,0.002642706131078224,0.5555555555555556,150.15873015873018,4.016858080403801,2468,2467,Alan Jackson,George Strait
1979,2944,5,0.002642706131078224,0.5555555555555556,150.15873015873018,4.016858080403801,1994,2964,Devin Townsend,Strapping Young Lad
2607,2619,5,0.002642706131078224,0.5555555555555556,150.15873015873018,4.016858080403801,2627,2639,Ben Folds,Ben Folds Five
8518,8522,5,0.002642706131078224,0.5555555555555556,150.15873015873018,4.016858080403801,8728,8732,Oficina G3,Fernandinho
2131,2649,5,0.002642706131078224,0.5555555555555556,150.15873015873018,4.016858080403801,2146,2669,AFX,µ-Ziq
2453,2434,5,0.002642706131078224,0.5555555555555556,150.15873015873018,4.016858080403801,2468,2449,Alan Jackson,Brooks & Dunn
1799,1794,11,0.005813953488372093,0.7857142857142857,34.57142857142857,4.016185104813349,1808,1803,Ratt,Mötley Crüe
2655,597,5,0.002642706131078224,0.8333333333333334,28.15476190476191,4.012755871206664,2675,603,Ellen Allien & Apparat,Aphex Twin
1930,597,5,0.002642706131078224,0.8333333333333334,28.15476190476191,4.012755871206664,1945,603,Daedelus,Aphex Twin
3618,434,8,0.004228329809725159,0.8,32.204255319148935,4.007343541419516,3691,440,Panda Bear,Animal Collective
1882,988,6,0.003171247357293869,0.75,40.54285714285714,4.006031892836688,1891,997,Thomas Dolby,The Human League
85,988,6,0.003171247357293869,0.75,40.54285714285714,4.006031892836688,91,997,Nik Kershaw,The Human League
995,988,6,0.003171247357293869,0.75,40.54285714285714,4.006031892836688,1004,997,Kim Wilde,The Human League
1920,308,8,0.004228329809725159,0.8888888888888888,22.726726726726728,4.005616005571674,1935,314,Solange,Ciara
7926,577,5,0.002642706131078224,0.625,84.46428571428572,4.000168466355721,8111,583,The Allman Brothers Band,John Lee Hooker
559,577,10,0.005285412262156448,0.625,84.46428571428572,4.000168466355721,565,583,Howlin' Wolf,John Lee Hooker
2131,2648,6,0.003171247357293869,0.6666666666666666,63.06666666666666,3.9858705184872507,2146,2668,AFX,Amon Tobin
463,449,9,0.0047568710359408035,0.9,21.285,3.9705886665062846,469,455,Nick Carter,Backstreet Boys
2421,350,7,0.0036997885835095136,0.6363636363636364,75.25,3.966848885210719,2436,356,Keith Urban,Brad Paisley
1799,4081,9,0.0047568710359408035,0.6428571428571429,71.54621848739497,3.960516607375992,1808,4165,Ratt,Poison
4233,147,5,0.002642706131078224,0.7142857142857143,46.600985221674875,3.9587775364582725,4317,153,Melotron,De/Vision
4456,1844,5,0.002642706131078224,0.7142857142857143,46.600985221674875,3.9587775364582725,4550,1853,In Fear and Faith,blessthefall
2598,1844,5,0.002642706131078224,0.7142857142857143,46.600985221674875,3.9587775364582725,2618,1853,Before Their Eyes,blessthefall
816,796,6,0.003171247357293869,0.6666666666666666,60.063492063492056,3.9389442998929853,825,805,Whitechapel,Parkway Drive
382,361,6,0.003171247357293869,0.6,94.6,3.938260967071219,388,367,B2ST,BIG BANG
416,433,8,0.004228329809725159,0.8888888888888888,21.561253561253558,3.9381059138087413,422,439,Mombojó,Los Hermanos
1631,1931,5,0.002642706131078224,0.625,78.83333333333334,3.9379586703863994,1640,1946,GZA/Genius,Madlib
1335,1355,5,0.002642706131078224,0.625,78.83333333333334,3.9379586703863994,1344,1364,Annihilator,Exodus
2427,2438,6,0.003171247357293869,0.5454545454545454,147.42857142857142,3.929384909108536,2442,2453,Garth Brooks,Tim McGraw
17,1268,6,0.003171247357293869,0.5454545454545454,147.42857142857142,3.929384909108536,19,1277,:wumpscut:,Velvet Acid Christ
7505,5307,5,0.002642706131078224,0.5555555555555556,131.38888888888889,3.9098330371024694,7663,5429,The Futureheads,Good Shoes
387,363,5,0.002642706131078224,0.5555555555555556,131.38888888888889,3.9098330371024694,393,369,Super Junior,2PM
2131,769,5,0.002642706131078224,0.5555555555555556,131.38888888888889,3.9098330371024694,2146,778,AFX,Ochre
1966,1969,5,0.002642706131078224,0.5555555555555556,131.38888888888889,3.9098330371024694,1981,1984,Kult,Pidżama Porno
935,911,11,0.005813953488372093,0.8461538461538461,24.256410256410255,3.892556592249893,944,920,Symphony X,Dream Theater
2189,807,5,0.002642706131078224,0.8333333333333334,25.43010752688172,3.8903880475989383,2204,816,Of Mice & Men,A Day to Remember
4082,807,5,0.002642706131078224,0.8333333333333334,25.43010752688172,3.8903880475989383,4166,816,Confide,A Day to Remember
2916,989,10,0.005285412262156448,0.7142857142857143,43.59447004608295,3.890052311273056,2936,998,A Flock of Seagulls,Orchestral Manoeuvres in the Dark
3641,837,5,0.002642706131078224,0.7142857142857143,43.59447004608295,3.890052311273056,3717,846,Chimaira,Lamb of God
2874,559,5,0.002642706131078224,0.625,73.90625,3.8797652926417237,2894,565,Buddy Guy,Howlin' Wolf
3534,350,5,0.002642706131078224,0.625,73.90625,3.8797652926417237,3584,356,Jason Aldean,Brad Paisley
14,509,5,0.002642706131078224,0.625,73.90625,3.8797652926417237,16,515,London After Midnight,Clan of Xymox
2651,2653,6,0.003171247357293869,0.6,87.32307692307693,3.868974636619258,2671,2673,Kettel,Plaid
7842,412,9,0.0047568710359408035,1.0,14.553846153846154,3.863328560310941,8027,418,Jónsi & Alex,Sigur Rós
4375,4096,7,0.0036997885835095136,0.6363636363636364,66.88888888888889,3.8587147933837933,4460,4180,Cinderella,Europe
3756,181,7,0.0036997885835095136,0.875,21.224358974358974,3.856692941967907,3832,187,Morten Harket,a-ha
5833,1029,6,0.003171247357293869,0.6666666666666666,54.84057971014492,3.8514479443741507,5958,1038,The Summer Set,The Maine
4368,1081,5,0.002642706131078224,1.0,14.225563909774435,3.8304139378382054,4452,1090,Black Drawing Chalks,Franz Ferdinand
4051,512,8,0.004228329809725159,0.8888888888888888,19.785620915032677,3.8278937206750046,4135,518,Xandria,Within Temptation
3379,500,5,0.002642706131078224,0.7142857142857143,40.952380952380956,3.8256253048647855,3416,506,Sentenced,Anathema
6165,4081,5,0.002642706131078224,0.625,69.55882352941177,3.8251010168602613,6292,4165,Jon Bon Jovi,Poison
1631,3195,5,0.002642706131078224,0.625,69.55882352941177,3.8251010168602613,1640,3227,GZA/Genius,Wu-Tang Clan
3471,945,7,0.0036997885835095136,0.7,44.14666666666667,3.824962823430783,3509,954,Bathory,Kreator
3277,308,6,0.003171247357293869,0.8571428571428571,21.915057915057915,3.8175862168919976,3314,314,Mýa,Ciara
1335,909,7,0.0036997885835095136,0.875,20.438271604938272,3.809051130948328,1344,918,Annihilator,Megadeth
2542,1005,6,0.003171247357293869,0.75,33.785714285714285,3.808756088461344,2562,1014,Arcadia,Erasure
3953,1389,6,0.003171247357293869,0.75,33.785714285714285,3.808756088461344,4029,1398,Boys Noize,Justice
679,452,7,0.0036997885835095136,0.875,20.189024390243905,3.7935618794315515,685,458,Nick Jonas & The Administration,Justin Bieber
2770,1794,9,0.0047568710359408035,0.75,33.0,3.78329558951884,2790,1803,CRASHDÏET,Mötley Crüe
2657,610,5,0.002642706131078224,0.625,65.69444444444444,3.773562166740278,2677,616,Bola,Squarepusher
2159,735,5,0.002642706131078224,0.625,65.69444444444444,3.773562166740278,2174,744,edIT,Autechre
1888,1004,6,0.003171247357293869,0.6666666666666666,50.453333333333326,3.7712517885623424,1897,1013,John Foxx,Ultravox
2803,220,8,0.004228329809725159,0.8888888888888888,18.89637952559301,3.768922614160609,2823,226,Eagles of Death Metal,Queens of the Stone Age
2844,2874,7,0.0036997885835095136,0.5384615384615384,127.34615384615384,3.7652523877531805,2864,2894,Stevie Ray Vaughan and Double Trouble,Buddy Guy
1799,943,10,0.005285412262156448,0.7142857142857143,38.61224489795918,3.764990378017276,1808,952,Ratt,Skid Row
6062,231,5,0.002642706131078224,0.7142857142857143,38.61224489795918,3.764990378017276,6187,237,Jonny Greenwood,Thom Yorke
1333,948,5,0.002642706131078224,0.7142857142857143,38.61224489795918,3.764990378017276,1342,957,Gamma Ray,Blind Guardian
1826,2648,7,0.0036997885835095136,0.6363636363636364,60.199999999999996,3.76198555210058,1835,2668,The Cinematic Orchestra,Amon Tobin
1799,2767,10,0.005285412262156448,0.7142857142857143,37.53968253968254,3.735960389090601,1808,2787,Ratt,Whitesnake
2764,2767,5,0.002642706131078224,0.7142857142857143,37.53968253968254,3.735960389090601,2784,2787,Hanoi Rocks,Whitesnake
4368,418,5,0.002642706131078224,1.0,13.32394366197183,3.735949253834713,4452,424,Black Drawing Chalks,The Strokes
1660,418,5,0.002642706131078224,1.0,13.32394366197183,3.735949253834713,1669,424,Faichecleres,The Strokes
1876,1883,6,0.003171247357293869,0.6666666666666666,48.51282051282051,3.7335294363180975,1885,1892,Dead or Alive,Eurythmics
4051,946,6,0.003171247357293869,0.6666666666666666,48.51282051282051,3.7335294363180975,4135,955,Xandria,Epica
800,833,5,0.002642706131078224,0.5555555555555556,105.11111111111111,3.7309840954983797,809,842,The Black Dahlia Murder,Despised Icon
2131,2651,5,0.002642706131078224,0.5555555555555556,105.11111111111111,3.7309840954983797,2146,2671,AFX,Kettel
1343,908,5,0.002642706131078224,1.0,13.230769230769232,3.7258250365610057,1352,917,Death Angel,Iron Maiden
1526,908,9,0.0047568710359408035,1.0,13.230769230769232,3.7258250365610057,1535,917,Mercyful Fate,Iron Maiden
931,908,5,0.002642706131078224,1.0,13.230769230769232,3.7258250365610057,940,917,Rage,Iron Maiden
1328,908,7,0.0036997885835095136,1.0,13.230769230769232,3.7258250365610057,1337,917,Nuclear Assault,Iron Maiden
3627,1949,7,0.0036997885835095136,0.6363636363636364,57.33333333333333,3.7171923434424174,3700,1964,Atlas Sound,Deerhunter
6007,1036,9,0.0047568710359408035,0.75,30.84782608695652,3.7103226885026537,6132,1045,Beeshop,Fresno
5038,919,7,0.0036997885835095136,0.7,38.95294117647059,3.698562251481508,5157,928,Accept,Helloween
2904,1604,5,0.002642706131078224,0.8333333333333334,21.598173515981735,3.6940311738546536,2924,1613,G-Unit,Jay-Z
2131,739,7,0.0036997885835095136,0.7777777777777778,26.755555555555556,3.6880406736677993,2146,748,AFX,Boards of Canada
4171,1170,5,0.002642706131078224,0.7142857142857143,35.56390977443609,3.6802443090896917,4255,1179,Kill Hannah,Billy Talent
769,2648,5,0.002642706131078224,0.625,59.125,3.678560233337122,778,2668,Ochre,Amon Tobin
1335,938,5,0.002642706131078224,0.625,59.125,3.678560233337122,1344,947,Annihilator,Testament
2458,2478,7,0.0036997885835095136,0.5833333333333334,78.83333333333334,3.6754280923606397,2473,2493,Fantômas,Mr. Bungle
1340,948,7,0.0036997885835095136,0.7,37.839999999999996,3.6692881284952685,1349,957,Rhapsody of Fire,Blind Guardian
1045,315,10,0.005285412262156448,0.8333333333333334,21.022222222222226,3.661536064174767,1054,321,Camp Rock,Jonas Brothers
1251,1267,5,0.002642706131078224,0.5555555555555556,95.55555555555556,3.654593248970638,1260,1276,Marduk,Immortal
2453,2421,5,0.002642706131078224,0.5555555555555556,95.55555555555556,3.654593248970638,2468,2436,Alan Jackson,Keith Urban
2086,2071,5,0.002642706131078224,0.5555555555555556,95.55555555555556,3.654593248970638,2101,2086,Capsule,Perfume
2440,354,5,0.002642706131078224,0.7142857142857143,34.65201465201465,3.6534766623620754,2455,360,Toby Keith,Shania Twain
3533,354,5,0.002642706131078224,0.7142857142857143,34.65201465201465,3.6534766623620754,3583,360,Luke Bryan,Shania Twain
2434,354,5,0.002642706131078224,0.7142857142857143,34.65201465201465,3.6534766623620754,2449,360,Brooks & Dunn,Shania Twain
2438,354,5,0.002642706131078224,0.7142857142857143,34.65201465201465,3.6534766623620754,2453,360,Tim McGraw,Shania Twain
2601,4082,5,0.002642706131078224,0.5,157.66666666666666,3.6503669363091196,2621,4166,We Came As Romans,Confide
2651,763,5,0.002642706131078224,0.5,157.66666666666666,3.6503669363091196,2671,772,Kettel,Proem
990,94,6,0.003171247357293869,0.6,66.7764705882353,3.6367607627537097,999,100,Thompson Twins,ABC
3453,3287,5,0.002642706131078224,0.625,56.3095238095238,3.6345669034049983,3490,3324,Utada,安室奈美恵
2159,1736,5,0.002642706131078224,0.625,56.3095238095238,3.6345669034049983,2174,1745,edIT,Apparat
1018,1010,7,0.0036997885835095136,0.6363636363636364,52.347826086956516,3.6336730949926204,1027,1019,Heaven 17,Yazoo
2896,469,5,0.002642706131078224,1.0,12.366013071895425,3.6283085306467435,2916,475,Lloyd Banks,Eminem
2904,469,6,0.003171247357293869,1.0,12.366013071895425,3.6283085306467435,2924,475,G-Unit,Eminem
6477,469,5,0.002642706131078224,1.0,12.366013071895425,3.6283085306467435,6619,475,Obie Trice,Eminem
3404,593,5,0.002642706131078224,1.0,12.285714285714285,3.6189098326444937,3441,599,Peter Murphy,David Bowie
2917,181,5,0.002642706131078224,0.8333333333333334,20.213675213675213,3.614383123869461,2937,187,Naked Eyes,a-ha
451,478,5,0.002642706131078224,0.7142857142857143,32.9616724738676,3.6019411011079074,457,484,Aaron Carter,Ne-Yo
2751,156,5,0.002642706131078224,0.7142857142857143,32.9616724738676,3.6019411011079074,2771,162,Russian Circles,God Is an Astronaut
8584,1403,6,0.003171247357293869,1.0,12.128205128205128,3.600294154477147,8794,1412,Nazareth,Led Zeppelin
1355,832,12,0.006342494714587738,0.8,22.591044776119404,3.5981432703954086,1364,841,Exodus,Slayer
1522,832,8,0.004228329809725159,0.8,22.591044776119404,3.5981432703954086,1531,841,Venom,Slayer
3287,369,14,0.007399577167019027,0.6666666666666666,42.044444444444444,3.59589551800648,3324,375,安室奈美恵,浜崎あゆみ
2946,803,5,0.002642706131078224,0.625,53.75,3.592620530993413,2966,812,Insomnium,Dark Tranquillity
2651,610,6,0.003171247357293869,0.6,63.06666666666666,3.587283466638526,2671,616,Kettel,Squarepusher
990,187,7,0.0036997885835095136,0.7,34.85263157894737,3.5862369809462353,999,193,Thompson Twins,Tears for Fears
933,948,11,0.005813953488372093,0.6875,37.16428571428571,3.585893420334312,942,957,Iced Earth,Blind Guardian
2131,747,5,0.002642706131078224,0.5555555555555556,87.5925925925926,3.5848538700351607,2146,756,AFX,Arovane
3946,1389,5,0.002642706131078224,0.7142857142857143,32.176870748299315,3.577108659564566,4022,1398,Midnight Juggernauts,Justice
991,1005,5,0.002642706131078224,0.7142857142857143,32.176870748299315,3.577108659564566,1000,1014,Information Society,Erasure
4579,909,5,0.002642706131078224,0.8333333333333334,19.46502057613169,3.5690099705174805,4680,918,Blaze,Megadeth
6628,3566,9,0.0047568710359408035,0.6428571428571429,46.78021978021979,3.566460043660508,6773,3616,Say Anything,Brand New
2185,770,7,0.0036997885835095136,0.7777777777777778,23.734767025089603,3.5536122094416314,2200,779,We Butter The Bread With Butter,Bring Me The Horizon
995,1010,5,0.002642706131078224,0.625,51.41304347826087,3.5525390701060906,1004,1019,Kim Wilde,Yazoo
1063,1704,25,0.013213530655391121,0.7352941176470589,28.39135654261705,3.5495440277563035,1072,1713,Martin L. Gore,Dave Gahan
2082,1906,5,0.002642706131078224,0.5,135.14285714285714,3.5391707256408957,2097,1918,Brown Eyed Girls,동방신기
382,2091,5,0.002642706131078224,0.5,135.14285714285714,3.5391707256408957,388,2106,B2ST,U-KISS
816,1532,6,0.003171247357293869,0.6666666666666666,39.416666666666664,3.5338225817454925,825,1541,Whitechapel,The Devil Wears Prada
92,984,10,0.005285412262156448,0.6666666666666666,39.416666666666664,3.5338225817454925,98,993,Japan,Simple Minds
4769,788,5,0.002642706131078224,0.7142857142857143,30.714285714285715,3.52916994823704,4879,797,Selena Gomez & Demi Lovato,Emily Osment
2131,2653,5,0.002642706131078224,0.5555555555555556,80.85470085470087,3.5206998603574187,2146,2673,AFX,Plaid
1876,1886,5,0.002642706131078224,0.5555555555555556,80.85470085470087,3.5206998603574187,1885,1895,Dead or Alive,Visage
1888,1886,5,0.002642706131078224,0.5555555555555556,80.85470085470087,3.5206998603574187,1897,1895,John Foxx,Visage
7604,542,7,0.0036997885835095136,0.7777777777777778,22.993055555555554,3.517987117520312,7781,548,Clare Maguire,Ellie Goulding
1294,1283,7,0.0036997885835095136,0.5384615384615384,92.61538461538461,3.5178661315638666,1303,1292,Assemblage 23,mind.in.a.box
3453,2087,5,0.002642706131078224,0.625,49.270833333333336,3.514163729691001,3490,2102,Utada,倖田來未
264,255,5,0.002642706131078224,0.625,49.270833333333336,3.514163729691001,270,261,Maria Bethânia,Marisa Monte
1727,626,5,0.002642706131078224,0.7142857142857143,30.031746031746035,3.506011749885342,1736,632,Balmorhea,Explosions in the Sky
1894,361,6,0.003171247357293869,0.5454545454545454,86.0,3.5052353207465985,1904,367,SHINee,BIG BANG
2455,2011,6,0.003171247357293869,0.5454545454545454,86.0,3.5052353207465985,2470,2026,Throbbing Gristle,The Residents
2415,1176,8,0.004228329809725159,0.6666666666666666,38.22222222222222,3.50422650217319,2430,1185,From First to Last,Alesana
5053,859,8,0.004228329809725159,0.8888888888888888,15.288888888888888,3.497254807442154,5172,868,Grand Funk Railroad,The Doors
415,433,13,0.006871035940803382,0.8125,19.708333333333332,3.4943462715023195,421,439,Móveis Coloniais de Acaju,Los Hermanos
3721,1973,7,0.0036997885835095136,0.6363636363636364,44.59259259259259,3.4864659292885123,3797,1988,Blood Red Shoes,The Subways
990,1005,7,0.0036997885835095136,0.7,31.533333333333328,3.485164044411613,999,1014,Thompson Twins,Erasure
7652,1036,5,0.002642706131078224,0.7142857142857143,29.37888198757764,3.4833625643658146,7835,1045,Fake Number,Fresno
402,1845,6,0.003171247357293869,0.75,24.894736842105264,3.4783266449218573,408,1854,Crossfade,Breaking Benjamin
995,1004,5,0.002642706131078224,0.625,47.3,3.47735517403252,1004,1013,Kim Wilde,Ultravox
999,45,5,0.002642706131078224,0.8333333333333334,17.916666666666668,3.4693586240569205,1008,51,Level 42,Duran Duran
4674,3444,5,0.002642706131078224,0.5555555555555556,75.07936507936509,3.461302524848245,4784,3481,"Emerson, Lake & Palmer",Yes
1098,435,7,0.0036997885835095136,0.875,15.47196261682243,3.457636270371371,1107,441,"The Good, the Bad & the Queen",Joy Division
2770,943,8,0.004228329809725159,0.6666666666666666,36.03809523809523,3.4476339037821813,2790,952,CRASHDÏET,Skid Row
2924,497,6,0.003171247357293869,0.75,24.050847457627118,3.4410118685240323,2944,503,Machinae Supremacy,In Flames
2745,11,5,0.002642706131078224,0.5555555555555556,70.07407407407408,3.4060049284310705,2765,12,Vader,Behemoth
387,2077,5,0.002642706131078224,0.5555555555555556,70.07407407407408,3.4060049284310705,393,2092,Super Junior,소녀시대
2074,2077,5,0.002642706131078224,0.5555555555555556,70.07407407407408,3.4060049284310705,2089,2092,티아라,소녀시대
2131,2647,5,0.002642706131078224,0.5555555555555556,70.07407407407408,3.4060049284310705,2146,2667,AFX,The Flashbulb
4663,674,5,0.002642706131078224,0.8333333333333334,16.953405017921146,3.402919296997975,4773,680,Krystal Meyers,The Veronicas
4447,854,5,0.002642706131078224,0.7142857142857143,27.02857142857143,3.3974381117103065,4541,863,Lou Reed,The Velvet Underground
2942,182,5,0.002642706131078224,0.7142857142857143,27.02857142857143,3.3974381117103065,2962,188,Devin Townsend Project,Opeth
7685,1033,8,0.004228329809725159,0.7272727272727273,25.48148148148148,3.397365274573549,7868,1042,Mike Posner,Bruno Mars
1355,1351,11,0.005813953488372093,0.7333333333333333,24.776190476190475,3.3959804811610845,1364,1360,Exodus,Motörhead
2071,369,7,0.0036997885835095136,0.6363636363636364,40.13333333333333,3.3897366880052986,2086,375,Perfume,浜崎あゆみ
2726,945,7,0.0036997885835095136,0.6363636363636364,40.13333333333333,3.3897366880052986,2746,954,Korpiklaani,Kreator
4375,1799,6,0.003171247357293869,0.5454545454545454,73.71428571428571,3.383930363653991,4460,1808,Cinderella,Ratt
857,153,6,0.003171247357293869,1.0,10.395604395604394,3.377901733140699,866,159,Virgin Prunes,The Cure
1906,2079,5,0.002642706131078224,0.7142857142857143,26.498599439775912,3.3770315744268986,1918,2094,동방신기,BoA
2083,2079,5,0.002642706131078224,0.7142857142857143,26.498599439775912,3.3770315744268986,2098,2094,Kara,BoA
1799,4096,8,0.004228329809725159,0.5714285714285714,60.063492063492056,3.3762379713368444,1808,4180,Ratt,Europe
456,453,6,0.003171247357293869,0.6,49.35652173913043,3.3751012938697054,462,459,Blue,*NSYNC
6167,211,6,0.003171247357293869,0.8571428571428571,15.29919137466307,3.373185854948355,6294,217,Saves the Day,Death Cab for Cutie
2844,722,9,0.0047568710359408035,0.6923076923076923,29.107692307692307,3.366919772522959,2864,728,Stevie Ray Vaughan and Double Trouble,Eric Clapton
1018,989,7,0.0036997885835095136,0.6363636363636364,38.83870967741935,3.3596330513281623,1027,998,Heaven 17,Orchestral Manoeuvres in the Dark
2651,2131,5,0.002642706131078224,0.5,105.11111111111111,3.3578856859485415,2671,2146,Kettel,AFX
833,800,5,0.002642706131078224,0.5,105.11111111111111,3.3578856859485415,842,809,Despised Icon,The Black Dahlia Murder
4920,1081,10,0.005285412262156448,0.9090909090909091,12.932330827067668,3.3571912855347916,5030,1090,The Pigeon Detectives,Franz Ferdinand
937,1341,9,0.0047568710359408035,0.5625,62.602941176470594,3.3570891751113945,946,1350,Avantasia,Edguy
451,459,5,0.002642706131078224,0.7142857142857143,25.98901098901099,3.35702130573433,457,465,Aaron Carter,Jessica Simpson
4922,1450,5,0.002642706131078224,0.7142857142857143,25.98901098901099,3.35702130573433,5032,1459,Britt Nicole,Carrie Underwood
5825,1189,6,0.003171247357293869,0.6,47.3,3.3382609670712196,5950,1198,Cash Cash,We The Kings
1536,923,13,0.006871035940803382,0.6190476190476191,41.82993197278912,3.334477557446362,1545,932,Raimundos,Matanza
1267,11,6,0.003171247357293869,0.5454545454545454,68.8,3.3296381780807645,1276,12,Immortal,Behemoth
2326,1360,6,0.003171247357293869,0.8571428571428571,14.742857142857142,3.327380775838532,2341,1369,Twisted Sister,Black Sabbath
1328,1360,6,0.003171247357293869,0.8571428571428571,14.742857142857142,3.327380775838532,1337,1369,Nuclear Assault,Black Sabbath
5337,512,8,0.004228329809725159,0.8,17.807058823529413,3.323501873851465,5459,518,Delain,Within Temptation
94,988,11,0.005813953488372093,0.6470588235294118,34.9781512605042,3.3183649100938384,100,997,ABC,The Human League
2963,277,5,0.002642706131078224,0.625,39.41666666666667,3.3129586703863994,2983,283,Detonautas Roque Clube,Ana Carolina
3453,369,5,0.002642706131078224,0.625,39.41666666666667,3.3129586703863994,3490,375,Utada,浜崎あゆみ
2131,1213,5,0.002642706131078224,0.5555555555555556,61.83006535947713,3.3056870141856143,2146,1222,AFX,Venetian Snares
1512,832,9,0.0047568710359408035,0.75,21.17910447761194,3.303427262702084,1521,841,Morbid Angel,Slayer
3618,3620,6,0.003171247357293869,0.6,45.407999999999994,3.3029247536390787,3691,3693,Panda Bear,Grizzly Bear
9052,222,5,0.002642706131078224,1.0,9.854166666666666,3.300733872618239,9285,228,Jamie Woon,Kings of Leon
2649,739,5,0.002642706131078224,0.7142857142857143,24.571428571428573,3.2992213090317817,2669,748,µ-Ziq,Boards of Canada
1752,433,7,0.0036997885835095136,0.7777777777777778,18.866096866096864,3.2960076139607852,1761,439,Marcelo Camelo,Los Hermanos
1045,784,8,0.004228329809725159,0.6666666666666666,30.764227642276424,3.29545457866677,1054,793,Camp Rock,Hannah Montana
1526,914,6,0.003171247357293869,0.6666666666666666,30.764227642276424,3.29545457866677,1535,923,Mercyful Fate,Children of Bodom
611,261,7,0.0036997885835095136,0.5833333333333334,50.16666666666667,3.2950500193558185,617,267,The Roots,Nas
470,312,7,0.0036997885835095136,0.875,13.569672131147541,3.292024713104849,476,318,M. Pokora,Hilary Duff
328,251,5,0.002642706131078224,1.0,9.75257731958763,3.285783531152268,334,257,No Angels,Mariah Carey
1882,989,5,0.002642706131078224,0.625,38.14516129032258,3.283392598649926,1891,998,Thomas Dolby,Orchestral Manoeuvres in the Dark
995,989,5,0.002642706131078224,0.625,38.14516129032258,3.283392598649926,1004,998,Kim Wilde,Orchestral Manoeuvres in the Dark
2963,2337,5,0.002642706131078224,0.625,38.14516129032258,3.283392598649926,2983,2352,Detonautas Roque Clube,Creed
361,382,6,0.003171247357293869,0.5,94.6,3.2818841392260163,367,388,BIG BANG,B2ST
5410,897,5,0.002642706131078224,0.7142857142857143,24.13265306122449,3.280653302936821,5533,906,Nadine Coyle,Girls Aloud
4755,597,5,0.002642706131078224,0.7142857142857143,24.13265306122449,3.280653302936821,4865,603,ISAN,Aphex Twin
2427,350,6,0.003171247357293869,0.5454545454545454,64.49999999999999,3.2788512302308654,2442,356,Garth Brooks,Brad Paisley
4388,3341,7,0.0036997885835095136,0.5384615384615384,67.91794871794872,3.2769266824255165,4474,3378,Luan Santana,Jorge & Mateus
1248,1355,7,0.0036997885835095136,0.5384615384615384,67.91794871794872,3.2769266824255165,1257,1364,Overkill,Exodus
1886,62,7,0.0036997885835095136,0.5384615384615384,67.91794871794872,3.2769266824255165,1895,68,Visage,Icehouse
2823,1845,10,0.005285412262156448,0.7142857142857143,23.709273182957393,3.2624139514317227,2843,1854,Trapt,Breaking Benjamin
4081,1799,9,0.0047568710359408035,0.5294117647058824,71.54621848739497,3.261601911956699,4165,1808,Poison,Ratt
2131,735,5,0.002642706131078224,0.5555555555555556,58.39506172839506,3.2598747029678514,2146,744,AFX,Autechre
2427,3538,5,0.002642706131078224,0.45454545454545453,143.33333333333334,3.2560137949401384,2442,3588,Garth Brooks,Kenny Chesney
1424,1434,5,0.002642706131078224,0.45454545454545453,143.33333333333334,3.2560137949401384,1433,1443,Daddy Yankee,Wisin & Yandel
85,984,5,0.002642706131078224,0.625,36.953125,3.2547652926417237,91,993,Nik Kershaw,Simple Minds
5788,3243,5,0.002642706131078224,0.625,36.953125,3.2547652926417237,5913,3280,The Chameleons,Cocteau Twins
1098,1080,5,0.002642706131078224,0.625,36.953125,3.2547652926417237,1107,1089,"The Good, the Bad & the Queen",Suede
2195,770,8,0.004228329809725159,0.7272727272727273,22.193548387096772,3.252413414047435,2210,779,Attack Attack!,Bring Me The Horizon
3604,1375,8,0.004228329809725159,0.6153846153846154,38.810256410256414,3.2482252674398677,3676,1384,Richard Ashcroft,The Verve
4375,943,7,0.0036997885835095136,0.6363636363636364,34.4,3.2482142380639223,4460,952,Cinderella,Skid Row
8584,729,5,0.002642706131078224,0.8333333333333334,14.874213836477987,3.245617927452002,8794,735,Nazareth,The Rolling Stones
2949,146,5,0.002642706131078224,0.7142857142857143,23.300492610837438,3.244491822172558,2969,152,Wintersun,Porcupine Tree
2113,960,6,0.003171247357293869,0.75,19.985915492957744,3.240683815916902,2128,969,The Rascals,Kasabian
5038,3433,6,0.003171247357293869,0.6,42.044444444444444,3.236305966205832,5157,3470,Accept,Rainbow
4375,4081,6,0.003171247357293869,0.5454545454545454,60.705882352941174,3.231144225912499,4460,4165,Cinderella,Poison
1507,201,6,0.003171247357293869,1.0,9.366336633663366,3.2274848905876006,1516,207,The Enemy,Arctic Monkeys
7663,635,5,0.002642706131078224,0.625,35.833333333333336,3.22701896804269,7846,641,La Quinta Estación,Laura Pausini
5844,1176,5,0.002642706131078224,0.625,35.833333333333336,3.22701896804269,5969,1185,"Drop Dead, Gorgeous",Alesana
3281,3280,7,0.0036997885835095136,0.5833333333333334,45.986111111111114,3.2218236714735675,3318,3317,Trey Songz,Drake
2131,1954,5,0.002642706131078224,0.5555555555555556,55.321637426900594,3.2165399740782554,2146,1969,AFX,Prefuse 73
2074,2076,5,0.002642706131078224,0.5555555555555556,55.321637426900594,3.2165399740782554,2089,2091,티아라,4minute
1522,908,9,0.0047568710359408035,0.9,11.907692307692308,3.21643974880436,1531,917,Venom,Iron Maiden
5038,908,9,0.0047568710359408035,0.9,11.907692307692308,3.21643974880436,5157,917,Accept,Iron Maiden
1248,1328,6,0.003171247357293869,0.46153846153846156,124.74725274725276,3.2136296463977794,1257,1337,Overkill,Nuclear Assault
815,2949,6,0.003171247357293869,0.46153846153846156,124.74725274725276,3.2136296463977794,824,2969,Ensiferum,Wintersun
1294,16,6,0.003171247357293869,0.46153846153846156,124.74725274725276,3.2136296463977794,1303,18,Assemblage 23,The Crüxshadows
361,1894,6,0.003171247357293869,0.5,86.0,3.213132377351049,367,1904,BIG BANG,SHINee
3661,4112,5,0.002642706131078224,0.5,86.0,3.213132377351049,3737,4196,Against Me!,The Gaslight Anthem
2011,2455,6,0.003171247357293869,0.5,86.0,3.213132377351049,2026,2470,The Residents,Throbbing Gristle
382,1894,5,0.002642706131078224,0.5,86.0,3.213132377351049,388,1904,B2ST,SHINee
243,1604,6,0.003171247357293869,0.75,19.438356164383563,3.210625736385401,249,1613,Common,Jay-Z
1344,1360,5,0.002642706131078224,0.8333333333333334,14.333333333333334,3.201085211650785,1353,1369,Running Wild,Black Sabbath
8584,1360,5,0.002642706131078224,0.8333333333333334,14.333333333333334,3.201085211650785,8794,1369,Nazareth,Black Sabbath
2651,597,7,0.0036997885835095136,0.7,23.65,3.1946377949164226,2671,603,Kettel,Aphex Twin
2961,1023,5,0.002642706131078224,0.7142857142857143,22.15456674473068,3.1925230061473338,2981,1032,Christina Perri,Jessie J
3089,1066,13,0.006871035940803382,0.6842105263157895,25.382868937048503,3.1923780036236993,3109,1075,Sneaker Pimps,IAMX
2421,2424,6,0.003171247357293869,0.5454545454545454,57.33333333333333,3.186164865807786,2436,2439,Keith Urban,Rascal Flatts
3277,904,5,0.002642706131078224,0.7142857142857143,21.797235023041473,3.1757665969873417,3314,913,Mýa,Destiny's Child
3277,311,5,0.002642706131078224,0.7142857142857143,21.797235023041473,3.1757665969873417,3314,317,Mýa,Keri Hilson
476,311,5,0.002642706131078224,0.7142857142857143,21.797235023041473,3.1757665969873417,482,317,Jeremih,Keri Hilson
2597,807,5,0.002642706131078224,0.7142857142857143,21.797235023041473,3.1757665969873417,2617,816,Pierce the Veil,A Day to Remember
4724,4718,5,0.002642706131078224,0.5555555555555556,52.55555555555556,3.175428539942824,4834,4828,Carbona,Forfun
2601,1844,6,0.003171247357293869,0.6,39.144827586206894,3.17444987042737,2621,1853,We Came As Romans,blessthefall
1518,832,16,0.008456659619450317,0.7272727272727273,20.537313432835823,3.1710367739958736,1527,841,Anthrax,Slayer
2653,739,9,0.0047568710359408035,0.6923076923076923,23.815384615384616,3.1664921144648925,2673,748,Plaid,Boards of Canada
3612,434,6,0.003171247357293869,0.6666666666666666,26.836879432624112,3.1640966806270674,3685,440,Why?,Animal Collective
2532,45,7,0.0036997885835095136,0.7777777777777778,16.72222222222222,3.1606514141357476,2552,51,Culture Club,Duran Duran
1341,937,9,0.0047568710359408035,0.5294117647058824,62.60294117647059,3.1596133412813128,1350,946,Edguy,Avantasia
2326,170,5,0.002642706131078224,0.7142857142857143,21.45124716553288,3.159278301906598,2341,176,Twisted Sister,Scorpions
1328,1363,5,0.002642706131078224,0.7142857142857143,21.45124716553288,3.159278301906598,1337,1372,Nuclear Assault,Deep Purple
8584,157,6,0.003171247357293869,1.0,8.924528301886792,3.157775918776196,8794,163,Nazareth,Pink Floyd
5175,157,6,0.003171247357293869,1.0,8.924528301886792,3.157775918776196,5297,163,Van der Graaf Generator,Pink Floyd
2427,2452,5,0.002642706131078224,0.45454545454545453,122.85714285714286,3.154926330696298,2442,2467,Garth Brooks,George Strait
2427,2440,5,0.002642706131078224,0.45454545454545453,122.85714285714286,3.154926330696298,2442,2455,Garth Brooks,Toby Keith
1894,2091,5,0.002642706131078224,0.45454545454545453,122.85714285714286,3.154926330696298,1904,2106,SHINee,U-KISS
2421,2438,5,0.002642706131078224,0.45454545454545453,122.85714285714286,3.154926330696298,2436,2453,Keith Urban,Tim McGraw
2478,2458,7,0.0036997885835095136,0.5,78.83333333333333,3.1503669363091196,2493,2473,Mr. Bungle,Fantômas
1067,71,7,0.0036997885835095136,0.6363636363636364,30.87179487179487,3.148865655025652,1076,77,Wham!,George Michael
2953,2767,5,0.002642706131078224,0.625,32.84722222222222,3.148562166740278,2973,2787,Dokken,Whitesnake
3339,277,6,0.003171247357293869,0.6,37.84,3.1451041101388024,3376,283,Jota Quest,Ana Carolina
1522,945,6,0.003171247357293869,0.6,37.84,3.1451041101388024,1531,954,Venom,Kreator
2082,369,6,0.003171247357293869,0.6,37.84,3.1451041101388024,2097,375,Brown Eyed Girls,浜崎あゆみ
3287,2087,12,0.006342494714587738,0.5714285714285714,45.047619047619044,3.139073686034648,3324,2102,安室奈美恵,倖田來未
8501,433,6,0.003171247357293869,0.75,18.19230769230769,3.138942491398727,8707,439,Ludov,Los Hermanos
2131,1736,5,0.002642706131078224,0.5555555555555556,50.05291005291005,3.1363233577809364,2146,1745,AFX,Apparat
2653,610,7,0.0036997885835095136,0.5384615384615384,56.598290598290596,3.135292771591936,2673,616,Plaid,Squarepusher
4081,1794,11,0.005813953488372093,0.6470588235294118,28.47058823529412,3.126200256250989,4165,1803,Poison,Mötley Crüe
4920,1506,7,0.0036997885835095136,0.6363636363636364,30.099999999999998,3.1256219157369434,5030,1515,The Pigeon Detectives,The Fratellis
6904,7926,6,0.003171247357293869,0.46153846153846156,109.15384615384616,3.124716533501289,7056,8111,B.B. King,The Allman Brothers Band
1727,412,6,0.003171247357293869,0.8571428571428571,12.474725274725273,3.1208024048352794,1736,418,Balmorhea,Sigur Rós
2634,364,6,0.003171247357293869,0.6,36.619354838709675,3.1167206812717883,2654,370,Bloodbath,Katatonia
1886,45,10,0.005285412262156448,0.7692307692307693,16.53846153846154,3.1136562549602833,1895,51,Visage,Duran Duran
1328,1349,5,0.002642706131078224,0.7142857142857143,20.476190476190478,3.1113395905790715,1337,1358,Nuclear Assault,Judas Priest
2326,1349,5,0.002642706131078224,0.7142857142857143,20.476190476190478,3.1113395905790715,2341,1358,Twisted Sister,Judas Priest
856,66,5,0.002642706131078224,1.0,8.639269406392694,3.110909313738222,865,72,Republika,Depeche Mode
3712,182,8,0.004228329809725159,0.6666666666666666,25.226666666666663,3.104585121895676,3788,188,Cynic,Opeth
2963,2065,5,0.002642706131078224,0.625,31.118421052631582,3.099810596739483,2983,2080,Detonautas Roque Clube,NX Zero
85,187,5,0.002642706131078224,0.625,31.118421052631582,3.099810596739483,91,193,Nik Kershaw,Tears for Fears
995,187,5,0.002642706131078224,0.625,31.118421052631582,3.099810596739483,1004,193,Kim Wilde,Tears for Fears
8518,4093,5,0.002642706131078224,0.5555555555555556,47.77777777777778,3.0990376934150827,8728,4177,Oficina G3,Switchfoot
4291,4711,5,0.002642706131078224,0.5555555555555556,47.77777777777778,3.0990376934150827,4375,4821,MxPx,NOFX
1328,832,5,0.002642706131078224,0.7142857142857143,20.170575692963755,3.095843111222415,1337,841,Nuclear Assault,Slayer
5410,290,5,0.002642706131078224,0.7142857142857143,20.170575692963755,3.095843111222415,5533,296,Nadine Coyle,Sugababes
29,1294,6,0.003171247357293869,0.5,72.76923076923077,3.0926283275991517,32,1303,Covenant,Assemblage 23
2651,2671,5,0.002642706131078224,0.5,72.76923076923077,3.0926283275991517,2671,2691,Kettel,Telefon Tel Aviv
735,2653,9,0.0047568710359408035,0.5,72.76923076923077,3.0926283275991517,744,2673,Autechre,Plaid
6583,1081,6,0.003171247357293869,0.8571428571428571,12.193340494092372,3.0925898712872204,6726,1090,"Albert Hammond, Jr.",Franz Ferdinand
2601,807,7,0.0036997885835095136,0.7,21.36129032258064,3.091848823085933,2621,816,We Came As Romans,A Day to Remember
1922,904,7,0.0036997885835095136,0.7,21.36129032258064,3.091848823085933,1937,913,Michelle Williams,Destiny's Child
62,984,9,0.0047568710359408035,0.6,35.474999999999994,3.0892384675039133,68,993,Icehouse,Simple Minds
5038,2327,6,0.003171247357293869,0.6,35.474999999999994,3.0892384675039133,5157,2342,Accept,Dio
2074,2079,6,0.003171247357293869,0.6666666666666666,24.732026143790847,3.085539020431162,2089,2094,티아라,BoA
1420,793,12,0.006342494714587738,0.6666666666666666,24.732026143790847,3.085539020431162,1429,802,Christian Chávez,Anahí
1052,1063,17,0.008985200845665961,0.6071428571428571,33.785714285714285,3.0832787382782305,1061,1072,Recoil,Martin L. Gore
5809,3180,5,0.002642706131078224,0.7142857142857143,19.58592132505176,3.0655322067078457,5934,3200,Bonde do Rolê,Cansei de Ser Sexy
1876,1010,5,0.002642706131078224,0.5555555555555556,45.70048309178744,3.0634097281819073,1885,1019,Dead or Alive,Yazoo
4680,2604,5,0.002642706131078224,0.5555555555555556,45.70048309178744,3.0634097281819073,4790,2624,Gentle Giant,Frank Zappa
3368,500,6,0.003171247357293869,0.6,34.4,3.062601995888841,3405,506,Antimatter,Anathema
3951,50,5,0.002642706131078224,0.8333333333333334,12.71505376344086,3.0570547142656053,4027,56,Mr. Oizo,Daft Punk
4021,1186,5,0.002642706131078224,0.625,29.5625,3.053560233337122,4103,1195,From Autumn to Ashes,Alexisonfire
3534,1438,5,0.002642706131078224,0.625,29.5625,3.053560233337122,3584,1447,Jason Aldean,Lady Antebellum
1248,938,7,0.0036997885835095136,0.5384615384615384,50.93846153846154,3.0534449520446008,1257,947,Overkill,Testament
2770,1799,6,0.003171247357293869,0.5,67.57142857142857,3.0391707256408957,2790,1808,CRASHDÏET,Ratt
3281,233,6,0.003171247357293869,0.5,67.57142857142857,3.0391707256408957,3318,239,Trey Songz,Keyshia Cole
94,989,10,0.005285412262156448,0.5882352941176471,35.90132827324478,3.0388031274056138,100,998,ABC,Orchestral Manoeuvres in the Dark
991,992,5,0.002642706131078224,0.7142857142857143,19.03420523138833,3.0360874476174793,1000,1001,Information Society,Pet Shop Boys
1799,3437,6,0.003171247357293869,0.42857142857142855,135.14285714285714,3.0335749076921963,1808,3474,Ratt,Danger Danger
6071,1857,5,0.002642706131078224,0.625,28.84146341463415,3.0312952897554215,6196,1866,Box Car Racer,Yellowcard
679,784,5,0.002642706131078224,0.625,28.84146341463415,3.0312952897554215,685,793,Nick Jonas & The Administration,Hannah Montana
3439,1363,9,0.0047568710359408035,0.6923076923076923,20.79120879120879,3.0308550460204837,3476,1372,Saxon,Deep Purple
1998,1363,9,0.0047568710359408035,0.6923076923076923,20.79120879120879,3.0308550460204837,2013,1372,Blue Öyster Cult,Deep Purple
4674,1402,5,0.002642706131078224,0.5555555555555556,43.7962962962963,3.029298314479605,4784,1411,"Emerson, Lake & Palmer",King Crimson
5038,1360,8,0.004228329809725159,0.8,13.760000000000002,3.025926851941899,5157,1369,Accept,Black Sabbath
1522,1360,8,0.004228329809725159,0.8,13.760000000000002,3.025926851941899,1531,1369,Venom,Black Sabbath
1355,1360,12,0.006342494714587738,0.8,13.760000000000002,3.025926851941899,1364,1369,Exodus,Black Sabbath
2827,807,11,0.005813953488372093,0.6875,20.979838709677416,3.018765531092999,2847,816,Emarosa,A Day to Remember
815,812,7,0.0036997885835095136,0.5384615384615384,48.512820512820504,3.015543006256925,824,821,Ensiferum,Amon Amarth
3471,832,7,0.0036997885835095136,0.7,19.767164179104476,3.0135238070363046,3509,841,Bathory,Slayer
747,739,8,0.004228329809725159,0.6666666666666666,22.933333333333334,3.012916106062386,756,748,Arovane,Boards of Canada
735,739,12,0.006342494714587738,0.6666666666666666,22.933333333333334,3.012916106062386,744,748,Autechre,Boards of Canada
990,988,6,0.003171247357293869,0.6,32.434285714285714,3.011668657336933,999,997,Thompson Twins,The Human League
6583,418,6,0.003171247357293869,0.8571428571428571,11.420523138832996,3.0116201421413695,6726,424,"Albert Hammond, Jr.",The Strokes
1729,1389,5,0.002642706131078224,0.625,28.1547619047619,3.0095669034049983,1738,1398,Soulwax,Justice
2536,45,6,0.003171247357293869,0.75,16.125,3.0084204415674405,2556,51,The Power Station,Duran Duran
1333,908,6,0.003171247357293869,0.8571428571428571,11.340659340659341,3.0029422416210494,1342,917,Gamma Ray,Iron Maiden
2177,1179,5,0.002642706131078224,0.5555555555555556,42.044444444444444,2.9965795983387338,2192,1188,Miss May I,Asking Alexandria
1876,1004,5,0.002642706131078224,0.5555555555555556,42.044444444444444,2.9965795983387338,1885,1013,Dead or Alive,Ultravox
2131,597,6,0.003171247357293869,0.6666666666666666,22.523809523809522,2.995585967040423,2146,603,AFX,Aphex Twin
610,597,12,0.006342494714587738,0.6666666666666666,22.523809523809522,2.995585967040423,616,603,Squarepusher,Aphex Twin
476,462,5,0.002642706131078224,0.7142857142857143,18.262548262548265,2.9934401289572885,482,468,Jeremih,Usher
1448,308,5,0.002642706131078224,0.7142857142857143,18.262548262548265,2.9934401289572885,1457,314,Cherish,Ciara
2633,1029,6,0.003171247357293869,0.5454545454545454,44.8695652173913,2.993271981472495,2653,1038,A Rocket to the Moon,The Maine
1267,1251,5,0.002642706131078224,0.45454545454545453,95.55555555555556,2.9901217491577947,1276,1260,Immortal,Marduk
2421,2453,5,0.002642706131078224,0.45454545454545453,95.55555555555556,2.9901217491577947,2436,2468,Keith Urban,Alan Jackson
2071,2086,5,0.002642706131078224,0.45454545454545453,95.55555555555556,2.9901217491577947,2086,2101,Perfume,Capsule
1922,4472,5,0.002642706131078224,0.5,63.06666666666667,2.9894028888654383,1937,4566,Michelle Williams,Amerie
2082,2077,5,0.002642706131078224,0.5,63.06666666666667,2.9894028888654383,2097,2092,Brown Eyed Girls,소녀시대
2651,2647,5,0.002642706131078224,0.5,63.06666666666667,2.9894028888654383,2671,2667,Kettel,The Flashbulb
2009,2007,6,0.003171247357293869,0.5,63.06666666666667,2.9894028888654383,2024,2022,Emma Bunton,Melanie C
1522,1252,5,0.002642706131078224,0.5,63.06666666666667,2.9894028888654383,1531,1261,Venom,Sodom
2765,1794,5,0.002642706131078224,0.625,27.5,2.9883498209529122,2785,1803,Sixx:A.M.,Mötley Crüe
890,223,5,0.002642706131078224,1.0,7.9163179916318,2.984829565358647,899,229,Missy Higgins,The Killers
4482,300,5,0.002642706131078224,1.0,7.9163179916318,2.984829565358647,4576,306,www.djrobsonmichel.com,Black Eyed Peas
94,1018,8,0.004228329809725159,0.47058823529411764,80.94117647058823,2.9829656063302394,100,1027,ABC,Heaven 17
1248,1518,7,0.0036997885835095136,0.5384615384615384,46.30769230769231,2.9794045931023283,1257,1527,Overkill,Anthrax
815,803,7,0.0036997885835095136,0.5384615384615384,46.30769230769231,2.9794045931023283,824,812,Ensiferum,Dark Tranquillity
2653,2651,6,0.003171247357293869,0.46153846153846156,87.32307692307693,2.976134335860968,2673,2671,Plaid,Kettel
1248,832,9,0.0047568710359408035,0.6923076923076923,19.549942594718715,2.9693717073573525,1257,841,Overkill,Slayer
3864,182,9,0.0047568710359408035,0.6428571428571429,24.325714285714287,2.959978026181744,3940,188,Riverside,Opeth
2874,722,5,0.002642706131078224,0.625,26.27777777777778,2.947357107435677,2894,728,Buddy Guy,Eric Clapton
778,781,8,0.004228329809725159,0.6666666666666666,21.37853107344633,2.9453938821709316,787,790,Paulina Rubio,Belinda
6171,1096,7,0.0036997885835095136,0.5384615384615384,44.2943143812709,2.9448728729532507,6298,1105,Something Corporate,Jack's Mannequin
233,316,7,0.0036997885835095136,0.5,59.125,2.9428481866696976,239,322,Keyshia Cole,Ashanti
5038,2818,5,0.002642706131078224,0.5,59.125,2.9428481866696976,5157,2838,Accept,Manowar
3661,4105,5,0.002642706131078224,0.5,59.125,2.9428481866696976,3737,4189,Against Me!,Alkaline Trio
3654,540,7,0.0036997885835095136,0.7,18.394444444444442,2.940838739347127,3730,546,Friendly Fires,The Ting Tings
62,93,9,0.0047568710359408035,0.6,29.873684210526317,2.940481959437762,68,99,Icehouse,INXS
8504,433,10,0.005285412262156448,0.7142857142857143,17.326007326007325,2.939190948076361,8710,439,Moptop,Los Hermanos
693,522,6,0.003171247357293869,0.75,15.095744680851064,2.9370525167871855,699,528,Esmée Denters,Pixie Lott
4081,943,10,0.005285412262156448,0.5882352941176471,31.79831932773109,2.9358109470773246,4165,952,Poison,Skid Row
1850,1846,5,0.002642706131078224,0.4166666666666667,131.38888888888889,2.932374777826852,1859,1855,Thousand Foot Krutch,Pillar
3444,1404,8,0.004228329809725159,0.5714285714285714,34.875576036866356,2.928082937654237,3481,1413,Yes,Genesis
2195,1179,6,0.003171247357293869,0.5454545454545454,41.279999999999994,2.927656944899198,2210,1188,Attack Attack!,Asking Alexandria
1018,1004,6,0.003171247357293869,0.5454545454545454,41.279999999999994,2.927656944899198,1027,1013,Heaven 17,Ultravox
1859,1844,9,0.0047568710359408035,0.5625,36.69827586206897,2.923672713555451,1868,1853,A Skylit Drive,blessthefall
1894,382,5,0.002642706131078224,0.45454545454545453,86.0,2.921029433955499,1904,388,SHINee,B2ST
4112,3661,5,0.002642706131078224,0.45454545454545453,86.0,2.921029433955499,4196,3737,The Gaslight Anthem,Against Me!
62,45,11,0.005813953488372093,0.7333333333333333,15.766666666666666,2.9177909036693093,68,51,Icehouse,Duran Duran
1419,680,17,0.008985200845665961,0.7727272727272727,13.663551401869158,2.914928652835088,1428,686,Dulce María,Selena Gomez & the Scene
1922,308,7,0.0036997885835095136,0.7,17.897297297297296,2.9131688844164807,1937,314,Michelle Williams,Ciara
5053,1360,7,0.0036997885835095136,0.7777777777777778,13.377777777777778,2.910262895890021,5172,1369,Grand Funk Railroad,Black Sabbath
1526,1360,7,0.0036997885835095136,0.7777777777777778,13.377777777777778,2.910262895890021,1535,1369,Mercyful Fate,Black Sabbath
4040,1360,7,0.0036997885835095136,0.7777777777777778,13.377777777777778,2.910262895890021,4124,1369,UFO,Black Sabbath
5647,923,5,0.002642706131078224,0.5555555555555556,37.539682539682545,2.90574696929269,5772,932,Mamonas Assassinas,Matanza
9587,700,5,0.002642706131078224,0.8333333333333334,11.182033096926714,2.9025921792556733,9822,706,Firehouse,AC/DC
719,700,5,0.002642706131078224,0.8333333333333334,11.182033096926714,2.9025921792556733,725,706,Titãs,AC/DC
1328,909,5,0.002642706131078224,0.7142857142857143,16.68430335097002,2.9002996737746636,1337,918,Nuclear Assault,Megadeth
686,315,7,0.0036997885835095136,0.7,17.658666666666665,2.899613157009629,692,321,Mitchel Musso,Jonas Brothers
3320,3195,6,0.003171247357293869,0.5,55.64705882352941,2.899116766044528,3357,3227,Notorious B.I.G.,Wu-Tang Clan
1340,1341,5,0.002642706131078224,0.5,55.64705882352941,2.899116766044528,1349,1350,Rhapsody of Fire,Edguy
2770,4081,6,0.003171247357293869,0.5,55.64705882352941,2.899116766044528,2790,4165,CRASHDÏET,Poison
2177,770,6,0.003171247357293869,0.6666666666666666,20.344086021505372,2.897691708154242,2192,779,Miss May I,Bring Me The Horizon
2879,548,6,0.003171247357293869,0.6,28.38,2.896081610571496,2899,554,The Animals,The Kinks
5337,1999,6,0.003171247357293869,0.6,28.38,2.896081610571496,5459,2014,Delain,Lacuna Coil
2955,908,5,0.002642706131078224,0.8333333333333334,11.025641025641027,2.8856588589393435,2975,917,Firewind,Iron Maiden
1357,908,15,0.007928118393234672,0.8333333333333334,11.025641025641027,2.8856588589393435,1366,917,W.A.S.P.,Iron Maiden
3437,908,5,0.002642706131078224,0.8333333333333334,11.025641025641027,2.8856588589393435,3474,917,Danger Danger,Iron Maiden
3434,908,5,0.002642706131078224,0.8333333333333334,11.025641025641027,2.8856588589393435,3471,917,Quiet Riot,Iron Maiden
1344,908,5,0.002642706131078224,0.8333333333333334,11.025641025641027,2.8856588589393435,1353,917,Running Wild,Iron Maiden
5307,1039,6,0.003171247357293869,0.75,14.19,2.8701020132143698,5429,1048,Good Shoes,The Kooks
3164,921,5,0.002642706131078224,0.7142857142857143,16.088435374149658,2.862822945278852,3184,930,L'Âme Immortelle,Nightwish
990,181,7,0.0036997885835095136,0.7,16.979487179487176,2.8600046871531717,999,187,Thompson Twins,a-ha
4683,433,7,0.0036997885835095136,0.7,16.979487179487176,2.8600046871531717,4793,439,Cachorro Grande,Los Hermanos
2421,2427,5,0.002642706131078224,0.45454545454545453,78.18181818181819,2.8585278322509833,2436,2442,Keith Urban,Garth Brooks
270,2237,5,0.002642706131078224,0.45454545454545453,78.18181818181819,2.8585278322509833,276,2252,Gang Starr,Mobb Deep
2237,270,5,0.002642706131078224,0.45454545454545453,78.18181818181819,2.8585278322509833,2252,276,Mobb Deep,Gang Starr
2427,2421,5,0.002642706131078224,0.45454545454545453,78.18181818181819,2.8585278322509833,2442,2436,Garth Brooks,Keith Urban
747,610,6,0.003171247357293869,0.5,52.55555555555556,2.8578856859485415,756,616,Arovane,Squarepusher
985,55,6,0.003171247357293869,0.5,52.55555555555556,2.8578856859485415,994,61,Howard Jones,Talk Talk
747,735,6,0.003171247357293869,0.5,52.55555555555556,2.8578856859485415,756,744,Arovane,Autechre
350,2424,8,0.004228329809725159,0.5,52.55555555555556,2.8578856859485415,356,2439,Brad Paisley,Rascal Flatts
735,610,9,0.0047568710359408035,0.5,52.55555555555556,2.8578856859485415,744,616,Autechre,Squarepusher
610,735,9,0.0047568710359408035,0.5,52.55555555555556,2.8578856859485415,616,744,Squarepusher,Autechre
1799,1357,7,0.0036997885835095136,0.5,52.55555555555556,2.8578856859485415,1808,1366,Ratt,W.A.S.P.
456,473,5,0.002642706131078224,0.5,52.55555555555556,2.8578856859485415,462,479,Blue,Westlife
1799,2953,6,0.003171247357293869,0.42857142857142855,101.35714285714285,2.855701693715549,1808,2973,Ratt,Dokken
577,2874,6,0.003171247357293869,0.42857142857142855,101.35714285714285,2.855701693715549,583,2894,John Lee Hooker,Buddy Guy
1294,29,6,0.003171247357293869,0.46153846153846156,72.76923076923077,2.8547338408607557,1303,32,Assemblage 23,Covenant
350,2453,7,0.0036997885835095136,0.4375,91.97222222222221,2.8538677536051753,356,2468,Brad Paisley,Alan Jackson
1670,2005,5,0.002642706131078224,0.625,23.65,2.85235517403252,1679,2020,Stephen Jerzak,Leighton Meester
5053,601,5,0.002642706131078224,0.5555555555555556,35.03703703703704,2.850449372875515,5172,607,Grand Funk Railroad,Jethro Tull
1513,945,5,0.002642706131078224,0.5555555555555556,35.03703703703704,2.850449372875515,1522,954,Destruction,Kreator
1355,1248,7,0.0036997885835095136,0.4666666666666667,67.91794871794872,2.8400031247687814,1364,1257,Exodus,Overkill
3341,4388,7,0.0036997885835095136,0.4666666666666667,67.91794871794872,2.8400031247687814,3378,4474,Jorge & Mateus,Luan Santana
62,1886,7,0.0036997885835095136,0.4666666666666667,67.91794871794872,2.8400031247687814,68,1895,Icehouse,Visage
361,2091,5,0.002642706131078224,0.4166666666666667,112.61904761904763,2.8397112689366657,367,2106,BIG BANG,U-KISS
3281,3277,5,0.002642706131078224,0.4166666666666667,112.61904761904763,2.8397112689366657,3318,3314,Trey Songz,Mýa
2347,227,6,0.003171247357293869,0.75,13.64423076923077,2.827664366939594,2362,233,Monster Magnet,Nine Inch Nails
1876,989,5,0.002642706131078224,0.5555555555555556,33.90681003584229,2.824168420220872,1885,998,Dead or Alive,Orchestral Manoeuvres in the Dark
5056,1404,5,0.002642706131078224,0.5555555555555556,33.90681003584229,2.824168420220872,5175,1413,Roger Waters,Genesis
3852,2337,5,0.002642706131078224,0.5555555555555556,33.90681003584229,2.824168420220872,3928,2352,12 Stones,Creed
3864,146,9,0.0047568710359408035,0.6428571428571429,20.970443349753698,2.8223263655977706,3940,152,Riverside,Porcupine Tree
938,909,14,0.007399577167019027,0.7,16.350617283950616,2.8218912383375083,947,918,Testament,Megadeth
2651,1954,5,0.002642706131078224,0.5,49.78947368421053,2.818884429947905,2671,1969,Kettel,Prefuse 73
394,2076,9,0.0047568710359408035,0.5,49.78947368421053,2.818884429947905,400,2091,2NE1,4minute
470,459,5,0.002642706131078224,0.625,22.740384615384617,2.8169904688035405,476,465,M. Pokora,Jessica Simpson
344,897,7,0.0036997885835095136,0.6363636363636364,21.5,2.816713934810426,350,906,Monrose,Girls Aloud
2012,45,5,0.002642706131078224,0.7142857142857143,15.357142857142858,2.814884233951326,2027,51,Frankie Goes to Hollywood,Duran Duran
2071,368,6,0.003171247357293869,0.5454545454545454,35.58620689655172,2.8108615965249175,2086,374,Perfume,宇多田ヒカル
453,449,16,0.008456659619450317,0.6956521739130435,16.452173913043477,2.810578311231318,459,455,*NSYNC,Backstreet Boys
990,53,7,0.0036997885835095136,0.7,16.151219512195123,2.809499837124087,999,59,Thompson Twins,New Order
1388,1090,6,0.003171247357293869,0.6666666666666666,18.54901960784314,2.8088473542452665,1397,1099,Fatboy Slim,The Prodigy
868,181,20,0.010570824524312896,0.6896551724137931,16.728558797524315,2.802925002922026,877,187,Alphaville,a-ha
3816,5115,6,0.003171247357293869,0.46153846153846156,67.1715976331361,2.8014366635900156,3892,5237,Soda Stereo,Gustavo Cerati
2653,2671,6,0.003171247357293869,0.46153846153846156,67.1715976331361,2.8014366635900156,2673,2691,Plaid,Telefon Tel Aviv
2671,2653,6,0.003171247357293869,0.46153846153846156,67.1715976331361,2.8014366635900156,2691,2673,Telefon Tel Aviv,Plaid
5115,3816,6,0.003171247357293869,0.46153846153846156,67.1715976331361,2.8014366635900156,5237,3892,Gustavo Cerati,Soda Stereo
1518,834,14,0.007399577167019027,0.6363636363636364,21.12280701754386,2.8004643307422477,1527,843,Anthrax,Pantera
1888,984,5,0.002642706131078224,0.5555555555555556,32.84722222222222,2.7987219259913583,1897,993,John Foxx,Simple Minds
1876,984,5,0.002642706131078224,0.5555555555555556,32.84722222222222,2.7987219259913583,1885,993,Dead or Alive,Simple Minds
2177,1532,5,0.002642706131078224,0.5555555555555556,32.84722222222222,2.7987219259913583,2192,1541,Miss May I,The Devil Wears Prada
1008,984,5,0.002642706131078224,0.5555555555555556,32.84722222222222,2.7987219259913583,1017,993,The Psychedelic Furs,Simple Minds
5053,2327,5,0.002642706131078224,0.5555555555555556,32.84722222222222,2.7987219259913583,5172,2342,Grand Funk Railroad,Dio
857,593,5,0.002642706131078224,0.8333333333333334,10.238095238095237,2.7965628556755835,866,599,Virgin Prunes,David Bowie
934,182,8,0.004228329809725159,0.6153846153846154,23.286153846153848,2.7947079787222022,943,188,Nevermore,Opeth
871,1063,9,0.0047568710359408035,0.5625,31.301470588235297,2.7945891751113945,880,1072,Nitzer Ebb,Martin L. Gore
210,232,5,0.002642706131078224,0.7142857142857143,15.015873015873018,2.791726035599628,216,238,Sparklehorse,Massive Attack
1977,1526,6,0.003171247357293869,0.42857142857142855,90.09523809523809,2.7828766930974145,1992,1535,King Diamond,Mercyful Fate
4713,4718,5,0.002642706131078224,0.5,47.3,2.7818841392260163,4823,4828,Cueio Limão,Forfun
747,2648,6,0.003171247357293869,0.5,47.3,2.7818841392260163,756,2668,Arovane,Amon Tobin
2116,422,7,0.0036997885835095136,0.5833333333333334,26.918699186991873,2.7711464608670267,2131,428,Dirty Pretty Things,The Libertines
7685,525,7,0.0036997885835095136,0.6363636363636364,20.406779661016948,2.7688033083440935,7868,531,Mike Posner,Taio Cruz
70,53,9,0.0047568710359408035,0.6923076923076923,15.97373358348968,2.767589759092522,76,59,Electronic,New Order
6895,1360,6,0.003171247357293869,0.75,12.9,2.7669743704019187,7047,1369,Pentagram,Black Sabbath
4712,406,7,0.0036997885835095136,0.7777777777777778,11.772444444444444,2.766821562783133,4822,412,No Use for a Name,blink-182
769,739,5,0.002642706131078224,0.625,21.5,2.766415471688811,778,748,Ochre,Boards of Canada
2159,739,5,0.002642706131078224,0.625,21.5,2.766415471688811,2174,748,edIT,Boards of Canada
825,2364,7,0.0036997885835095136,0.5384615384615384,35.12997347480106,2.764801082684488,834,2379,Five Finger Death Punch,Trivium
1052,1704,17,0.008985200845665961,0.6071428571428571,23.443148688046648,2.7631644865388454,1061,1713,Recoil,Dave Gahan
1183,807,9,0.0047568710359408035,0.6428571428571429,19.617511520737327,2.760473662931075,1192,816,Four Year Strong,A Day to Remember
361,363,5,0.002642706131078224,0.4166666666666667,98.54166666666667,2.7594424864606677,367,369,BIG BANG,2PM
3320,1937,5,0.002642706131078224,0.4166666666666667,98.54166666666667,2.7594424864606677,3357,1952,Notorious B.I.G.,Raekwon
1387,3953,5,0.002642706131078224,0.4166666666666667,98.54166666666667,2.7594424864606677,1396,4029,Digitalism,Boys Noize
985,85,5,0.002642706131078224,0.4166666666666667,98.54166666666667,2.7594424864606677,994,91,Howard Jones,Nik Kershaw
2087,369,13,0.006871035940803382,0.5416666666666666,34.16111111111111,2.7594032890400237,2102,375,倖田來未,浜崎あゆみ
2266,434,6,0.003171247357293869,0.6,24.1531914893617,2.7564851564973307,2281,440,Deerhoof,Animal Collective
2844,577,6,0.003171247357293869,0.46153846153846156,62.37362637362638,2.7520911848593177,2864,583,Stevie Ray Vaughan and Double Trouble,John Lee Hooker
6904,577,6,0.003171247357293869,0.46153846153846156,62.37362637362638,2.7520911848593177,7056,583,B.B. King,John Lee Hooker
1387,1389,7,0.0036997885835095136,0.5833333333333334,26.27777777777778,2.750866633606632,1396,1398,Digitalism,Justice
985,1005,7,0.0036997885835095136,0.5833333333333334,26.27777777777778,2.750866633606632,994,1014,Howard Jones,Erasure
6617,597,5,0.002642706131078224,0.625,21.11607142857143,2.7501684663557207,6762,603,Helios,Aphex Twin
769,597,5,0.002642706131078224,0.625,21.11607142857143,2.7501684663557207,778,603,Ochre,Aphex Twin
2427,5145,5,0.002642706131078224,0.45454545454545453,66.15384615384616,2.7489786961128946,2442,5267,Garth Brooks,Miranda Lambert
5996,5507,5,0.002642706131078224,0.45454545454545453,66.15384615384616,2.7489786961128946,6121,5630,Scracho,Dead Fish
2087,3287,12,0.006342494714587738,0.5,45.047619047619044,2.7466894752803173,2102,3324,倖田來未,安室奈美恵
3618,1949,5,0.002642706131078224,0.5,45.047619047619044,2.7466894752803173,3691,1964,Panda Bear,Deerhunter
5138,2918,5,0.002642706131078224,0.5,45.047619047619044,2.7466894752803173,5260,2938,Adam and the Ants,Echo & The Bunnymen
1179,770,16,0.008456659619450317,0.64,19.53032258064516,2.744092078833789,1188,779,Asking Alexandria,Bring Me The Horizon
1632,1604,6,0.003171247357293869,0.6666666666666666,17.27853881278539,2.7406062091588144,1641,1613,The Game,Jay-Z
1661,1171,6,0.003171247357293869,0.6,23.65,2.7382609670712195,1670,1180,Black Veil Brides,Escape The Fate
2458,1110,7,0.0036997885835095136,0.5833333333333334,25.666666666666668,2.731064023318018,2473,1119,Fantômas,Faith No More
350,2421,7,0.0036997885835095136,0.4375,75.25,2.7272086085823695,356,2436,Brad Paisley,Keith Urban
1008,988,5,0.002642706131078224,0.5555555555555556,30.03174603174603,2.7268980276885992,1017,997,The Psychedelic Furs,The Human League
841,806,5,0.002642706131078224,0.5555555555555556,30.03174603174603,2.7268980276885992,850,815,Haste the Day,Killswitch Engage
3361,406,10,0.005285412262156448,0.7692307692307693,11.643076923076924,2.7241542041719837,3398,412,+44,blink-182
2195,807,7,0.0036997885835095136,0.6363636363636364,19.419354838709676,2.723269414964526,2210,816,Attack Attack!,A Day to Remember
1355,908,12,0.006342494714587738,0.8,10.584615384615386,2.723117553338915,1364,917,Exodus,Iron Maiden
3471,908,8,0.004228329809725159,0.8,10.584615384615386,2.723117553338915,3509,917,Bathory,Iron Maiden
1518,909,15,0.007928118393234672,0.6818181818181818,15.925925925925926,2.7227081914268125,1527,918,Anthrax,Megadeth
913,909,15,0.007928118393234672,0.6818181818181818,15.925925925925926,2.7227081914268125,922,918,Bruce Dickinson,Megadeth
1421,460,5,0.002642706131078224,1.0,6.592334494773519,2.7207894466637073,1430,466,Christopher Von Uckermann,Ke$ha
4470,460,5,0.002642706131078224,1.0,6.592334494773519,2.7207894466637073,4564,466,Tinie Tempah,Ke$ha
4481,460,6,0.003171247357293869,1.0,6.592334494773519,2.7207894466637073,4575,466,Rebecca Black,Ke$ha
679,460,8,0.004228329809725159,1.0,6.592334494773519,2.7207894466637073,685,466,Nick Jonas & The Administration,Ke$ha
3195,1937,7,0.0036997885835095136,0.4117647058823529,97.38235294117646,2.719948187001566,3227,1952,Wu-Tang Clan,Raekwon
6617,47,5,0.002642706131078224,0.625,20.387931034482758,2.7185271706869907,6762,53,Helios,Air
4713,1032,5,0.002642706131078224,0.5,43.0,2.713132377351049,4823,1041,Cueio Limão,Gloria
938,1518,10,0.005285412262156448,0.5,43.0,2.713132377351049,947,1527,Testament,Anthrax
933,913,8,0.004228329809725159,0.5,43.0,2.713132377351049,942,922,Iced Earth,Bruce Dickinson
1522,1518,5,0.002642706131078224,0.5,43.0,2.713132377351049,1531,1527,Venom,Anthrax
2943,803,6,0.003171247357293869,0.5,43.0,2.713132377351049,2963,812,Norther,Dark Tranquillity
877,526,12,0.006342494714587738,0.631578947368421,19.5893011216566,2.71073306719205,886,532,Dragonette,Little Boots
1248,1252,6,0.003171247357293869,0.46153846153846156,58.21538461538462,2.7061516432204344,1257,1261,Overkill,Sodom
1948,1618,6,0.003171247357293869,0.46153846153846156,58.21538461538462,2.7061516432204344,1963,1627,MF DOOM,J Dilla
3271,157,9,0.0047568710359408035,0.9,8.032075471698112,2.7051955427980316,3308,163,Supertramp,Pink Floyd
4769,675,5,0.002642706131078224,0.7142857142857143,13.790087463556853,2.703971215752818,4879,681,Selena Gomez & Demi Lovato,Demi Lovato
4449,712,5,0.002642706131078224,0.625,20.042372881355934,2.7031133867905726,4543,718,Willie Nelson,Johnny Cash
2946,497,5,0.002642706131078224,0.625,20.042372881355934,2.7031133867905726,2966,503,Insomnium,In Flames
6124,497,5,0.002642706131078224,0.625,20.042372881355934,2.7031133867905726,6249,503,Theory of a Deadman,In Flames
2071,1848,5,0.002642706131078224,0.45454545454545453,61.42857142857143,2.7003808761508434,2086,1857,Perfume,YUI
1670,458,6,0.003171247357293869,0.75,12.128205128205128,2.70022061585786,1679,464,Stephen Jerzak,3OH!3
2653,597,8,0.004228329809725159,0.6153846153846154,20.791208791208792,2.6940933742404303,2673,603,Plaid,Aphex Twin
1950,597,8,0.004228329809725159,0.6153846153846154,20.791208791208792,2.6940933742404303,1965,603,Four Tet,Aphex Twin
747,2131,5,0.002642706131078224,0.4166666666666667,87.5925925925926,2.6886404025263704,756,2146,Arovane,AFX
3439,2327,7,0.0036997885835095136,0.5384615384615384,31.83653846153846,2.688329310830104,3476,2342,Saxon,Dio
382,2079,6,0.003171247357293869,0.6,22.258823529411764,2.685783262321016,388,2094,B2ST,BoA
2082,2079,6,0.003171247357293869,0.6,22.258823529411764,2.685783262321016,2097,2094,Brown Eyed Girls,BoA
2077,2079,9,0.0047568710359408035,0.6,22.258823529411764,2.685783262321016,2092,2094,소녀시대,BoA
1928,1618,11,0.005813953488372093,0.4583333333333333,57.81111111111111,2.6827509938382166,1943,1627,Flying Lotus,J Dilla
5056,1101,5,0.002642706131078224,0.5555555555555556,28.40840840840841,2.6823589450863867,5175,1110,Roger Waters,Rush
4674,1101,5,0.002642706131078224,0.5555555555555556,28.40840840840841,2.6823589450863867,4784,1110,"Emerson, Lake & Palmer",Rush
990,1010,5,0.002642706131078224,0.5,41.130434782608695,2.681067208641191,999,1019,Thompson Twins,Yazoo
5825,1029,5,0.002642706131078224,0.5,41.130434782608695,2.681067208641191,5950,1038,Cash Cash,The Maine
1694,1525,5,0.002642706131078224,0.5,41.130434782608695,2.681067208641191,1703,1534,The Cult,The Sisters of Mercy
3667,433,6,0.003171247357293869,0.6666666666666666,16.17094017094017,2.6768877691706603,3743,439,Natiruts,Los Hermanos
2113,426,5,0.002642706131078224,0.625,19.385245901639347,2.6730544566649197,2128,432,The Rascals,Klaxons
2066,1023,5,0.002642706131078224,0.625,19.385245901639347,2.6730544566649197,2081,1032,Dev,Jessie J
2076,394,9,0.0047568710359408035,0.47368421052631576,49.78947368421052,2.6705220915295937,2091,400,4minute,2NE1
843,988,6,0.003171247357293869,0.5454545454545454,29.48571428571428,2.6628786755336114,852,997,The Stranglers,The Human League
5664,1919,5,0.002642706131078224,0.7142857142857143,13.249299719887956,2.662745860141184,5789,1934,Lauryn Hill,Adele
2653,763,5,0.002642706131078224,0.38461538461538464,121.2820512820513,2.6623931728325037,2673,772,Plaid,Proem
1008,976,5,0.002642706131078224,0.5555555555555556,27.660818713450297,2.6609844185227,1017,985,The Psychedelic Furs,Blondie
1008,187,5,0.002642706131078224,0.5555555555555556,27.660818713450297,2.6609844185227,1017,193,The Psychedelic Furs,Tears for Fears
896,93,5,0.002642706131078224,0.5555555555555556,27.660818713450297,2.6609844185227,905,99,Crowded House,INXS
2964,3153,7,0.0036997885835095136,0.4666666666666667,51.93725490196079,2.659392333984466,2984,3173,Claudia Leitte,Ivete Sangalo
1799,4375,6,0.003171247357293869,0.42857142857142855,73.71428571428571,2.6588024285852785,1808,4460,Ratt,Cinderella
5844,770,5,0.002642706131078224,0.625,19.07258064516129,2.658392598649926,5969,779,"Drop Dead, Gorgeous",Bring Me The Horizon
1859,807,10,0.005285412262156448,0.625,19.07258064516129,2.658392598649926,1868,816,A Skylit Drive,A Day to Remember
306,311,10,0.005285412262156448,0.625,19.07258064516129,2.658392598649926,312,317,Cassie,Keri Hilson
448,412,13,0.006871035940803382,0.7647058823529411,11.129411764705882,2.6583512166836476,454,418,Jónsi,Sigur Rós
2409,434,7,0.0036997885835095136,0.5833333333333334,23.4822695035461,2.656208300082287,2424,440,The New Pornographers,Animal Collective
5307,201,7,0.0036997885835095136,0.875,8.195544554455445,2.655484836064554,5429,207,Good Shoes,Arctic Monkeys
1018,92,5,0.002642706131078224,0.45454545454545453,57.333333333333336,2.6551373881731553,1027,98,Heaven 17,Japan
2028,2015,5,0.002642706131078224,0.45454545454545453,57.333333333333336,2.6551373881731553,2043,2030,Cabaret Voltaire,Coil
470,304,6,0.003171247357293869,0.75,11.631147540983607,2.6549411523732487,476,310,M. Pokora,Nelly Furtado
473,449,12,0.006342494714587738,0.6666666666666666,15.766666666666666,2.6525371851539177,479,455,Westlife,Backstreet Boys
3698,1360,8,0.004228329809725159,0.7272727272727273,12.50909090909091,2.650840029947228,3774,1369,Uriah Heep,Black Sabbath
1892,428,5,0.002642706131078224,0.5,39.416666666666664,2.6503669363091196,1901,434,They Might Be Giants,Spoon
2409,428,6,0.003171247357293869,0.5,39.416666666666664,2.6503669363091196,2424,434,The New Pornographers,Spoon
803,182,13,0.006871035940803382,0.5909090909090909,22.36,2.648955803631366,812,188,Dark Tranquillity,Opeth
4081,4096,8,0.004228329809725159,0.47058823529411764,49.4640522875817,2.648615779127879,4165,4180,Poison,Europe
934,497,8,0.004228329809725159,0.6153846153846154,19.734028683181226,2.6477622189762844,943,503,Nevermore,In Flames
6476,469,8,0.004228329809725159,0.8,9.89281045751634,2.6451043486075054,6618,475,D12,Eminem
6165,170,5,0.002642706131078224,0.625,18.76984126984127,2.6439653404542756,6292,176,Jon Bon Jovi,Scorpions
3439,919,7,0.0036997885835095136,0.5384615384615384,29.963800904977376,2.6412339347722287,3476,928,Saxon,Helloween
3698,2767,6,0.003171247357293869,0.5454545454545454,28.666666666666664,2.6407103203532407,3774,2787,Uriah Heep,Whitesnake
4375,2767,6,0.003171247357293869,0.5454545454545454,28.666666666666664,2.6407103203532407,4460,2787,Cinderella,Whitesnake
1185,1171,7,0.0036997885835095136,0.5833333333333334,22.993055555555557,2.638490338140234,1194,1180,Hawthorne Heights,Escape The Fate
5624,1038,6,0.003171247357293869,0.6,21.022222222222222,2.6363059662058324,5749,1047,Restart,McFly
1844,770,18,0.009513742071881607,0.6206896551724138,18.941045606229142,2.6338618360969197,1853,779,blessthefall,Bring Me The Horizon
94,984,9,0.0047568710359408035,0.5294117647058824,31.301470588235293,2.63020157657543,100,993,ABC,Simple Minds
686,675,7,0.0036997885835095136,0.7,13.514285714285714,2.6294893494761,692,681,Mitchel Musso,Demi Lovato
55,53,12,0.006342494714587738,0.6666666666666666,15.382113821138212,2.6287879120001034,61,59,Talk Talk,New Order
4096,1799,8,0.004228329809725159,0.4444444444444444,60.06349206349206,2.6259628665953234,4180,1808,Europe,Ratt
281,251,6,0.003171247357293869,0.8571428571428571,8.359351988217968,2.6257638084135597,287,257,Monica,Mariah Carey
6761,211,5,0.002642706131078224,0.7142857142857143,12.74932614555256,2.623106494004253,6906,217,Owen,Death Cab for Cutie
2009,2506,7,0.0036997885835095136,0.5833333333333334,22.523809523809526,2.621137721160371,2024,2523,Emma Bunton,Spice Girls
55,1004,9,0.0047568710359408035,0.5,37.839999999999996,2.620920091782335,61,1013,Talk Talk,Ultravox
2916,1004,7,0.0036997885835095136,0.5,37.839999999999996,2.620920091782335,2936,1013,A Flock of Seagulls,Ultravox
1661,1179,5,0.002642706131078224,0.5,37.839999999999996,2.620920091782335,1670,1188,Black Veil Brides,Asking Alexandria
2651,739,6,0.003171247357293869,0.6,20.64,2.6204226393891177,2671,748,Kettel,Boards of Canada
2327,1360,23,0.012156448202959831,0.71875,12.3625,2.6075521301578193,2342,1369,Dio,Black Sabbath
4051,921,6,0.003171247357293869,0.6666666666666666,15.015873015873014,2.6056109665596523,4135,930,Xandria,Nightwish
233,3281,6,0.003171247357293869,0.42857142857142855,67.57142857142857,2.6050034791207675,239,3318,Keyshia Cole,Trey Songz
1799,2770,6,0.003171247357293869,0.42857142857142855,67.57142857142857,2.6050034791207675,1808,2790,Ratt,CRASHDÏET
1522,1351,6,0.003171247357293869,0.6,20.271428571428572,2.604825514269351,1531,1360,Venom,Motörhead
928,911,10,0.005285412262156448,0.625,17.916666666666668,2.60201896804269,937,920,Stratovarius,Dream Theater
368,369,15,0.007928118393234672,0.5172413793103449,32.62068965517242,2.6005424370061156,374,375,宇多田ヒカル,浜崎あゆみ
6765,616,5,0.002642706131078224,0.5555555555555556,25.636856368563688,2.6000819234257566,6910,622,The Books,Sufjan Stevens
2781,319,20,0.010570824524312896,0.7692307692307693,10.395604395604396,2.5983859485697685,2801,325,High School Musical,Ashley Tisdale
1018,187,6,0.003171247357293869,0.5454545454545454,27.157894736842106,2.5981634956252737,1027,193,Heaven 17,Tears for Fears
1420,640,11,0.005813953488372093,0.6111111111111112,18.954462659380695,2.5938401212603575,1429,646,Christian Chávez,RBD
4262,799,5,0.002642706131078224,0.625,17.649253731343283,2.5884595486056154,4346,808,Walls of Jericho,Rise Against
902,290,5,0.002642706131078224,0.625,17.649253731343283,2.5884595486056154,911,296,Rachel Stevens,Sugababes
1335,832,5,0.002642706131078224,0.625,17.649253731343283,2.5884595486056154,1344,841,Annihilator,Slayer
1252,1265,8,0.004228329809725159,0.5333333333333333,28.830476190476187,2.5864121390858186,1261,1274,Sodom,Sepultura
2671,735,6,0.003171247357293869,0.46153846153846156,48.51282051282052,2.584751148220222,2691,744,Telefon Tel Aviv,Autechre
1178,1091,6,0.003171247357293869,0.46153846153846156,48.51282051282052,2.584751148220222,1187,1100,Dance Gavin Dance,Chiodos
2077,2076,7,0.0036997885835095136,0.4666666666666667,46.4701754385965,2.584508820294285,2092,2091,소녀시대,4minute
1393,521,5,0.002642706131078224,0.5555555555555556,25.026455026455025,2.5807678022253806,1402,527,Ludacris,Lil' Wayne
1632,521,5,0.002642706131078224,0.5555555555555556,25.026455026455025,2.5807678022253806,1641,527,The Game,Lil' Wayne
1876,1005,5,0.002642706131078224,0.5555555555555556,25.026455026455025,2.5807678022253806,1885,1014,Dead or Alive,Erasure
1187,770,11,0.005813953488372093,0.6111111111111112,18.648745519713263,2.579504082312364,1196,779,Suicide Silence,Bring Me The Horizon
7685,1447,6,0.003171247357293869,0.5454545454545454,26.46153846153846,2.5777227472150934,7868,1456,Mike Posner,Far East Movement
1421,289,5,0.002642706131078224,1.0,5.968454258675078,2.5773573431999877,1430,295,Christopher Von Uckermann,Beyoncé
3953,1090,5,0.002642706131078224,0.625,17.389705882352942,2.5751010168602613,4029,1099,Boys Noize,The Prodigy
316,233,7,0.0036997885835095136,0.4375,59.125,2.5749921633359856,322,239,Ashanti,Keyshia Cole
3439,908,10,0.005285412262156448,0.7692307692307693,10.177514792899409,2.574856471774828,3476,917,Saxon,Iron Maiden
1524,908,10,0.005285412262156448,0.7692307692307693,10.177514792899409,2.574856471774828,1533,917,Napalm Death,Iron Maiden
1248,908,10,0.005285412262156448,0.7692307692307693,10.177514792899409,2.574856471774828,1257,917,Overkill,Iron Maiden
3602,3464,5,0.002642706131078224,0.45454545454545453,50.58823529411765,2.5730590946996004,3674,3501,Alizée,Mylène Farmer
1396,3949,5,0.002642706131078224,0.45454545454545453,50.58823529411765,2.5730590946996004,1405,4025,Simian Mobile Disco,The Presets
2237,3195,5,0.002642706131078224,0.45454545454545453,50.58823529411765,2.5730590946996004,2252,3227,Mobb Deep,Wu-Tang Clan
4663,492,6,0.003171247357293869,1.0,5.931034482758621,2.568283759574526,4773,498,Krystal Meyers,Paramore
2821,492,6,0.003171247357293869,1.0,5.931034482758621,2.568283759574526,2841,498,Gym Class Heroes,Paramore
3332,492,5,0.002642706131078224,1.0,5.931034482758621,2.568283759574526,3369,498,New Years Day,Paramore
4386,492,5,0.002642706131078224,1.0,5.931034482758621,2.568283759574526,4471,498,João Bosco & Vinícius,Paramore
7648,492,5,0.002642706131078224,1.0,5.931034482758621,2.568283759574526,7831,498,Sleeping With Sirens,Paramore
1029,681,14,0.007399577167019027,0.6086956521739131,18.575035063113603,2.5658305393627634,1038,687,The Maine,All Time Low
316,273,8,0.004228329809725159,0.5,35.03703703703704,2.5654044355879635,322,279,Ashanti,Brandy
3513,491,5,0.002642706131078224,0.625,17.137681159420293,2.561937507155368,3563,497,Saliva,Papa Roach
402,491,5,0.002642706131078224,0.625,17.137681159420293,2.561937507155368,408,497,Crossfade,Papa Roach
577,6904,6,0.003171247357293869,0.42857142857142855,62.37362637362637,2.555513243083652,583,7056,John Lee Hooker,B.B. King
577,2844,6,0.003171247357293869,0.42857142857142855,62.37362637362637,2.555513243083652,583,2864,John Lee Hooker,Stevie Ray Vaughan and Double Trouble
1341,908,13,0.006871035940803382,0.7647058823529411,10.117647058823529,2.553201463227815,1350,917,Edguy,Iron Maiden
5537,729,7,0.0036997885835095136,0.7,12.494339622641508,2.550241922162506,5660,735,Robert Johnson,The Rolling Stones
872,220,6,0.003171247357293869,0.6666666666666666,14.172284644194756,2.5500002944345606,881,226,Kyuss,Queens of the Stone Age
1355,938,7,0.0036997885835095136,0.4666666666666667,44.14666666666667,2.549975215620522,1364,947,Exodus,Testament
2647,2648,7,0.0036997885835095136,0.4666666666666667,44.14666666666667,2.549975215620522,2667,2668,The Flashbulb,Amon Tobin
3439,1349,8,0.004228329809725159,0.6153846153846154,17.641025641025642,2.5482230989783696,3476,1358,Saxon,Judas Priest
1248,1349,8,0.004228329809725159,0.6153846153846154,17.641025641025642,2.5482230989783696,1257,1358,Overkill,Judas Priest
1998,1349,8,0.004228329809725159,0.6153846153846154,17.641025641025642,2.5482230989783696,2013,1358,Blue Öyster Cult,Judas Priest
5053,1406,5,0.002642706131078224,0.5555555555555556,23.88888888888889,2.543482137859527,5172,1415,Grand Funk Railroad,Creedence Clearwater Revival
686,680,7,0.0036997885835095136,0.7,12.377570093457942,2.540759349875943,692,686,Mitchel Musso,Selena Gomez & the Scene
2424,350,8,0.004228329809725159,0.4444444444444444,52.55555555555555,2.540342831954259,2439,356,Rascal Flatts,Brad Paisley
4081,2767,9,0.0047568710359408035,0.5294117647058824,27.823529411764707,2.540241281694206,4165,2787,Poison,Whitesnake
6484,469,7,0.0036997885835095136,0.7777777777777778,9.618010167029775,2.540018795426027,6626,475,DMX,Eminem
60,232,10,0.005285412262156448,0.6666666666666666,14.014814814814814,2.5392538508590428,66,238,Faithless,Massive Attack
1063,1052,17,0.008985200845665961,0.5,33.785714285714285,2.5391707256408957,1072,1061,Martin L. Gore,Recoil
4224,1052,6,0.003171247357293869,0.5,33.785714285714285,2.5391707256408957,4308,1061,Client,Recoil
1723,616,6,0.003171247357293869,0.5454545454545454,25.17073170731707,2.5383683186210018,1732,622,Joanna Newsom,Sufjan Stevens
2028,1064,6,0.003171247357293869,0.5454545454545454,25.17073170731707,2.5383683186210018,2043,1073,Cabaret Voltaire,Kraftwerk
1098,423,6,0.003171247357293869,0.75,10.433823529411766,2.5373970246076594,1107,429,"The Good, the Bad & the Queen",The Smiths
1018,55,5,0.002642706131078224,0.45454545454545453,47.77777777777778,2.53557629461234,1027,61,Heaven 17,Talk Talk
4375,1357,5,0.002642706131078224,0.45454545454545453,47.77777777777778,2.53557629461234,4460,1366,Cinderella,W.A.S.P.
2427,2424,5,0.002642706131078224,0.45454545454545453,47.77777777777778,2.53557629461234,2442,2439,Garth Brooks,Rascal Flatts
855,1194,5,0.002642706131078224,0.45454545454545453,47.77777777777778,2.53557629461234,864,1203,Ministry,Skinny Puppy
1977,182,8,0.004228329809725159,0.5714285714285714,21.62285714285714,2.533991578004038,1992,188,King Diamond,Opeth
1881,593,7,0.0036997885835095136,0.7777777777777778,9.555555555555555,2.5327086969798334,1890,599,Sparks,David Bowie
5471,327,5,0.002642706131078224,1.0,5.7859327217125385,2.5325495478413127,5594,333,Maria Cecília & Rodolfo,Avril Lavigne
4663,327,6,0.003171247357293869,1.0,5.7859327217125385,2.5325495478413127,4773,333,Krystal Meyers,Avril Lavigne
1670,327,8,0.004228329809725159,1.0,5.7859327217125385,2.5325495478413127,1679,333,Stephen Jerzak,Avril Lavigne
1507,222,5,0.002642706131078224,0.8333333333333334,8.211805555555555,2.531416222320371,1516,228,The Enemy,Kings of Leon
7025,222,5,0.002642706131078224,0.8333333333333334,8.211805555555555,2.531416222320371,7177,228,Cage the Elephant,Kings of Leon
1808,845,6,0.003171247357293869,0.6,18.60983606557377,2.530796064966182,1817,854,L7,Alice in Chains
5053,722,5,0.002642706131078224,0.5555555555555556,23.358024691358025,2.5254702058082064,5172,728,Grand Funk Railroad,Eric Clapton
1372,184,7,0.0036997885835095136,1.0,5.750759878419453,2.523752599604154,1381,190,Starsailor,Muse
3341,2065,8,0.004228329809725159,0.5333333333333333,26.55438596491228,2.5231350742865555,3378,2080,Jorge & Mateus,NX Zero
1851,371,6,0.003171247357293869,0.8571428571428571,7.6858496953283675,2.521889797110653,1860,377,Jay-Z and Linkin Park,Linkin Park
1396,1389,6,0.003171247357293869,0.5454545454545454,24.57142857142857,2.5194053632606326,1405,1398,Simian Mobile Disco,Justice
369,3287,14,0.007399577167019027,0.4666666666666667,42.044444444444444,2.5171268626045364,375,3324,浜崎あゆみ,安室奈美恵
1031,681,9,0.0047568710359408035,0.6,18.309677419354838,2.516720681271788,1040,687,Forever the Sickest Kids,All Time Low
2601,770,6,0.003171247357293869,0.6,18.309677419354838,2.516720681271788,2621,779,We Came As Romans,Bring Me The Horizon
5145,1438,7,0.0036997885835095136,0.5384615384615384,25.46923076923077,2.5149834135830624,5267,1447,Miranda Lambert,Lady Antebellum
5507,4718,6,0.003171247357293869,0.46153846153846156,43.66153846153846,2.5145958743225063,5630,4828,Dead Fish,Forfun
1886,3692,6,0.003171247357293869,0.46153846153846156,43.66153846153846,2.5145958743225063,1895,3768,Visage,Soft Cell
2653,2648,6,0.003171247357293869,0.46153846153846156,43.66153846153846,2.5145958743225063,2673,2668,Plaid,Amon Tobin
1799,1801,7,0.0036997885835095136,0.5,32.62068965517241,2.5138576891059117,1808,1810,Ratt,Def Leppard
3890,868,5,0.002642706131078224,0.5,32.62068965517241,2.5138576891059117,3966,877,Modern Talking,Alphaville
29,147,6,0.003171247357293869,0.5,32.62068965517241,2.5138576891059117,32,153,Covenant,De/Vision
4022,1844,5,0.002642706131078224,0.5,32.62068965517241,2.5138576891059117,4104,1853,Scary Kids Scaring Kids,blessthefall
369,368,15,0.007928118393234672,0.5,32.62068965517241,2.5138576891059117,375,374,浜崎あゆみ,宇多田ヒカル
1010,988,12,0.006342494714587738,0.5217391304347826,28.20372670807453,2.513642035334907,1019,997,Yazoo,The Human League
2879,859,7,0.0036997885835095136,0.7,12.04,2.512834440889484,2899,868,The Animals,The Doors
1759,433,7,0.0036997885835095136,0.6363636363636364,15.435897435897434,2.512502018662016,1768,439,Pato Fu,Los Hermanos
6257,1604,5,0.002642706131078224,0.625,16.198630136986303,2.511124943341713,6389,1613,Robin Thicke,Jay-Z
747,597,7,0.0036997885835095136,0.5833333333333334,19.708333333333336,2.508761425693973,756,603,Arovane,Aphex Twin
358,338,5,0.002642706131078224,0.8333333333333334,8.04421768707483,2.506626769491995,364,344,Sugarland,Taylor Swift
4394,338,5,0.002642706131078224,0.8333333333333334,8.04421768707483,2.506626769491995,4488,344,Marié Digby,Taylor Swift
1045,319,9,0.0047568710359408035,0.75,10.135714285714284,2.5060318928366887,1054,325,Camp Rock,Ashley Tisdale
4467,322,5,0.002642706131078224,0.7142857142857143,11.356542617046818,2.50389413061515,4561,328,Edward Maya,David Guetta
1005,992,26,0.013742071881606765,0.6190476190476191,16.496311200536553,2.5034728637886468,1014,1001,Erasure,Pet Shop Boys
1522,1363,6,0.003171247357293869,0.6,18.019047619047615,2.502870513403963,1531,1372,Venom,Deep Purple
2822,2874,5,0.002642706131078224,0.38461538461538464,90.96153846153847,2.5027633654175636,2842,2894,Stevie Ray Vaughan,Buddy Guy
2844,7926,5,0.002642706131078224,0.38461538461538464,90.96153846153847,2.5027633654175636,2864,8111,Stevie Ray Vaughan and Double Trouble,The Allman Brothers Band
4096,4081,8,0.004228329809725159,0.4444444444444444,49.4640522875817,2.501470458065219,4180,4165,Europe,Poison
4375,1794,6,0.003171247357293869,0.5454545454545454,23.999999999999996,2.500888636756994,4460,1803,Cinderella,Mötley Crüe
923,1536,13,0.006871035940803382,0.4642857142857143,41.82993197278911,2.5008581680847715,932,1545,Matanza,Raimundos
2237,272,5,0.002642706131078224,0.45454545454545453,45.26315789473684,2.5001206073390336,2252,278,Mobb Deep,2Pac
2921,1895,5,0.002642706131078224,0.45454545454545453,45.26315789473684,2.5001206073390336,2941,1905,Hinder,Shinedown
1894,2076,5,0.002642706131078224,0.45454545454545453,45.26315789473684,2.5001206073390336,1904,2091,SHINee,4minute
316,308,10,0.005285412262156448,0.625,15.97972972972973,2.49885693912363,322,314,Ashanti,Ciara
797,497,10,0.005285412262156448,0.5882352941176471,18.863409770687937,2.4926579868321044,806,503,Soilwork,In Flames
6765,434,5,0.002642706131078224,0.5555555555555556,22.36406619385343,2.4906170083926713,6910,440,The Books,Animal Collective
1757,433,12,0.006342494714587738,0.631578947368421,15.31983805668016,2.486734194792453,1766,439,Little Joy,Los Hermanos
1355,1518,7,0.0036997885835095136,0.4666666666666667,40.13333333333333,2.485806904537219,1364,1527,Exodus,Anthrax
1010,45,15,0.007928118393234672,0.6521739130434783,14.021739130434783,2.4845174310349587,1019,51,Yazoo,Duran Duran
1954,597,11,0.005813953488372093,0.5789473684210527,19.560150375939852,2.4835947958542386,1969,603,Prefuse 73,Aphex Twin
937,908,12,0.006342494714587738,0.75,9.923076923076923,2.4830906529616215,946,917,Avantasia,Iron Maiden
933,908,12,0.006342494714587738,0.75,9.923076923076923,2.4830906529616215,942,917,Iced Earth,Iron Maiden
1335,908,6,0.003171247357293869,0.75,9.923076923076923,2.4830906529616215,1344,917,Annihilator,Iron Maiden
2818,908,12,0.006342494714587738,0.75,9.923076923076923,2.4830906529616215,2838,917,Manowar,Iron Maiden
938,908,15,0.007928118393234672,0.75,9.923076923076923,2.4830906529616215,947,917,Testament,Iron Maiden
1994,908,6,0.003171247357293869,0.75,9.923076923076923,2.4830906529616215,2009,917,DragonForce,Iron Maiden
2950,812,6,0.003171247357293869,0.46153846153846156,41.582417582417584,2.482108492218784,2970,821,Hypocrisy,Amon Amarth
1950,1736,6,0.003171247357293869,0.46153846153846156,41.582417582417584,2.482108492218784,1965,1745,Four Tet,Apparat
989,988,16,0.008456659619450317,0.5161290322580645,27.900460829493085,2.4785636366490595,998,997,Orchestral Manoeuvres in the Dark,The Human League
1680,224,10,0.005285412262156448,0.8333333333333334,7.844112769485904,2.476341896938894,1689,230,Bowling for Soup,Green Day
1248,1360,9,0.0047568710359408035,0.6923076923076923,11.907692307692308,2.4741844221572,1257,1369,Overkill,Black Sabbath
4374,201,5,0.002642706131078224,0.8333333333333334,7.805280528052806,2.470375403961506,4459,207,Forgotten Boys,Arctic Monkeys
2724,834,11,0.005813953488372093,0.5789473684210527,19.216989843028625,2.468811321476422,2744,843,Machine Head,Pantera
1,1294,5,0.002642706131078224,0.4166666666666667,60.64102564102565,2.467592603901879,2,1303,Diary of Dreams,Assemblage 23
1018,53,7,0.0036997885835095136,0.6363636363636364,14.682926829268293,2.466588518635575,1027,59,Heaven 17,New Order
1518,938,10,0.005285412262156448,0.45454545454545453,43.0,2.4664839794100444,1527,947,Anthrax,Testament
3471,940,5,0.002642706131078224,0.5,30.51612903225806,2.4657500314762597,3509,949,Bathory,Death
985,989,6,0.003171247357293869,0.5,30.51612903225806,2.4657500314762597,994,998,Howard Jones,Orchestral Manoeuvres in the Dark
990,989,5,0.002642706131078224,0.5,30.51612903225806,2.4657500314762597,999,998,Thompson Twins,Orchestral Manoeuvres in the Dark
928,1330,8,0.004228329809725159,0.5,30.51612903225806,2.4657500314762597,937,1339,Stratovarius,Sonata Arctica
3712,364,6,0.003171247357293869,0.5,30.51612903225806,2.4657500314762597,3788,370,Cynic,Katatonia
1340,1330,5,0.002642706131078224,0.5,30.51612903225806,2.4657500314762597,1349,1339,Rhapsody of Fire,Sonata Arctica
3368,364,5,0.002642706131078224,0.5,30.51612903225806,2.4657500314762597,3405,370,Antimatter,Katatonia
4394,285,5,0.002642706131078224,0.8333333333333334,7.766830870279147,2.4644383752670214,4488,291,Marié Digby,Kelly Clarkson
358,285,5,0.002642706131078224,0.8333333333333334,7.766830870279147,2.4644383752670214,364,291,Sugarland,Kelly Clarkson
2523,460,15,0.007928118393234672,0.9375,6.180313588850174,2.463450039630212,2543,466,Lolene,Ke$ha
1704,1063,25,0.013213530655391121,0.5102040816326531,28.39135654261705,2.462948917218659,1713,1072,Dave Gahan,Martin L. Gore
1522,1349,6,0.003171247357293869,0.6,17.2,2.462601995888841,1531,1358,Venom,Judas Priest
1340,911,6,0.003171247357293869,0.6,17.2,2.462601995888841,1349,920,Rhapsody of Fire,Dream Theater
1355,1349,9,0.0047568710359408035,0.6,17.2,2.462601995888841,1364,1358,Exodus,Judas Priest
5038,1349,6,0.003171247357293869,0.6,17.2,2.462601995888841,5157,1358,Accept,Judas Priest
4934,50,5,0.002642706131078224,0.7142857142857143,10.898617511520737,2.4614808827016272,5045,56,Basement Jaxx,Daft Punk
1045,675,8,0.004228329809725159,0.6666666666666666,12.870748299319729,2.4573493523353536,1054,681,Camp Rock,Demi Lovato
1689,675,6,0.003171247357293869,0.6666666666666666,12.870748299319729,2.4573493523353536,1698,681,Sterling Knight,Demi Lovato
7652,406,5,0.002642706131078224,0.7142857142857143,10.811428571428571,2.453203758219333,7835,412,Fake Number,blink-182
928,1341,7,0.0036997885835095136,0.4375,48.69117647058824,2.4524449486891635,937,1350,Stratovarius,Edguy
995,181,5,0.002642706131078224,0.625,15.160256410256409,2.451388905852818,1004,187,Kim Wilde,a-ha
2542,181,5,0.002642706131078224,0.625,15.160256410256409,2.451388905852818,2562,187,Arcadia,a-ha
934,803,6,0.003171247357293869,0.46153846153846156,39.69230769230769,2.451132709514844,943,812,Nevermore,Dark Tranquillity
4187,3380,6,0.003171247357293869,0.46153846153846156,39.69230769230769,2.451132709514844,4271,3417,Burzum,Ulver
1294,1289,6,0.003171247357293869,0.46153846153846156,39.69230769230769,2.451132709514844,1303,1298,Assemblage 23,Apoptygma Berzerk
1188,531,7,0.0036997885835095136,0.5833333333333334,18.394444444444446,2.4506989494559397,1197,537,Senses Fail,The Used
938,832,12,0.006342494714587738,0.6,16.943283582089553,2.44958495322925,947,841,Testament,Slayer
4740,1036,6,0.003171247357293869,0.5454545454545454,22.43478260869565,2.4478174360179494,4850,1045,Strike,Fresno
3719,61,5,0.002642706131078224,1.0,5.452449567723343,2.446904520761134,3795,67,Marilyn Monroe,Madonna
990,984,5,0.002642706131078224,0.5,29.5625,2.4428481866696976,999,993,Thompson Twins,Simple Minds
2601,1532,5,0.002642706131078224,0.5,29.5625,2.4428481866696976,2621,1541,We Came As Romans,The Devil Wears Prada
2818,2327,8,0.004228329809725159,0.5,29.5625,2.4428481866696976,2838,2342,Manowar,Dio
79,984,9,0.0047568710359408035,0.5,29.5625,2.4428481866696976,85,993,Spandau Ballet,Simple Minds
985,984,6,0.003171247357293869,0.5,29.5625,2.4428481866696976,994,993,Howard Jones,Simple Minds
11,1267,6,0.003171247357293869,0.4,68.80000000000001,2.4417346639258946,12,1276,Behemoth,Immortal
4718,5996,8,0.004228329809725159,0.4,68.80000000000001,2.4417346639258946,4828,6121,Forfun,Scracho
1979,182,5,0.002642706131078224,0.5555555555555556,21.022222222222222,2.441024042783178,1994,188,Devin Townsend,Opeth
205,616,9,0.0047568710359408035,0.5294117647058824,24.430416068866574,2.4409093388364447,211,622,The Decemberists,Sufjan Stevens
2653,2131,5,0.002642706131078224,0.38461538461538464,80.85470085470085,2.437407595632059,2673,2146,Plaid,AFX
1886,1876,5,0.002642706131078224,0.38461538461538464,80.85470085470085,2.437407595632059,1895,1885,Visage,Dead or Alive
1886,1888,5,0.002642706131078224,0.38461538461538464,80.85470085470085,2.437407595632059,1895,1897,Visage,John Foxx
2916,45,9,0.0047568710359408035,0.6428571428571429,13.821428571428573,2.4356795361986614,2936,51,A Flock of Seagulls,Duran Duran
2211,1604,11,0.005813953488372093,0.6111111111111112,15.838660578386607,2.4355090415665552,2226,1613,Snoop Dogg,Jay-Z
2157,812,5,0.002642706131078224,0.45454545454545453,40.95238095238095,2.4344888303684997,2172,821,Gojira,Amon Amarth
438,412,23,0.012156448202959831,0.71875,10.460576923076923,2.4343275586394664,444,418,múm,Sigur Rós
577,575,5,0.002642706131078224,0.35714285714285715,112.61904761904762,2.434038230517142,583,581,John Lee Hooker,Elmore James
4167,859,13,0.006871035940803382,0.6842105263157895,11.76842105263158,2.4336334336136396,4251,868,The Yardbirds,The Doors
1861,720,6,0.003171247357293869,0.5454545454545454,21.957446808510635,2.4308936747703362,1870,726,Dope,Apocalyptica
3627,434,6,0.003171247357293869,0.5454545454545454,21.957446808510635,2.4308936747703362,3700,440,Atlas Sound,Animal Collective
1723,434,6,0.003171247357293869,0.5454545454545454,21.957446808510635,2.4308936747703362,1732,440,Joanna Newsom,Animal Collective
610,1954,8,0.004228329809725159,0.4444444444444444,44.25730994152047,2.4301528259793317,616,1969,Squarepusher,Prefuse 73
1784,66,11,0.005813953488372093,0.8461538461538461,7.310151036178433,2.428377950506053,1793,72,Schiller,Depeche Mode
1757,418,14,0.007399577167019027,0.7368421052631579,9.817642698295032,2.428172277593802,1766,424,Little Joy,The Strokes
2822,722,7,0.0036997885835095136,0.5384615384615384,22.63931623931624,2.4234853358833557,2842,728,Stevie Ray Vaughan,Eric Clapton
6904,722,7,0.0036997885835095136,0.5384615384615384,22.63931623931624,2.4234853358833557,7056,728,B.B. King,Eric Clapton
3281,311,7,0.0036997885835095136,0.5833333333333334,17.801075268817204,2.423103949168565,3318,317,Trey Songz,Keri Hilson
566,577,5,0.002642706131078224,0.4166666666666667,56.30952380952382,2.4230446022699987,572,583,Ray Charles,John Lee Hooker
2011,625,5,0.002642706131078224,0.4166666666666667,56.30952380952382,2.4230446022699987,2026,631,The Residents,Einstürzende Neubauten
1886,1010,6,0.003171247357293869,0.46153846153846156,37.96655518394649,2.4215340922442063,1895,1019,Visage,Yazoo
1004,45,16,0.008456659619450317,0.64,13.76,2.420741481553519,1013,51,Ultravox,Duran Duran
1387,1400,6,0.003171247357293869,0.5,28.666666666666668,2.420651126990471,1396,1409,Digitalism,Calvin Harris
1,481,6,0.003171247357293869,0.5,28.666666666666668,2.420651126990471,2,487,Diary of Dreams,The Birthday Massacre
4602,1089,5,0.002642706131078224,0.7142857142857143,10.395604395604396,2.4127869522433563,4706,1098,Sam Sparro,Björk
735,2651,7,0.0036997885835095136,0.3888888888888889,73.57777777777778,2.411577077415071,744,2671,Autechre,Kettel
2886,469,6,0.003171247357293869,0.75,9.27450980392157,2.409953273525925,2906,475,"Royce da 5'9""",Eminem
2439,1450,5,0.002642706131078224,0.5555555555555556,20.213675213675216,2.4095887492463075,2454,1459,Faith Hill,Carrie Underwood
1882,53,5,0.002642706131078224,0.625,14.420731707317074,2.4062952897554215,1891,59,Thomas Dolby,New Order
995,53,5,0.002642706131078224,0.625,14.420731707317074,2.4062952897554215,1004,59,Kim Wilde,New Order
1252,908,11,0.005813953488372093,0.7333333333333333,9.702564102564102,2.4041351103658415,1261,917,Sodom,Iron Maiden
2157,803,5,0.002642706131078224,0.45454545454545453,39.09090909090909,2.4039823777055287,2172,812,Gojira,Dark Tranquillity
270,261,5,0.002642706131078224,0.45454545454545453,39.09090909090909,2.4039823777055287,276,267,Gang Starr,Nas
1018,45,7,0.0036997885835095136,0.6363636363636364,13.681818181818182,2.401756036986985,1027,51,Heaven 17,Duran Duran
1921,288,14,0.007399577167019027,0.7,10.767479674796748,2.4000260866192775,1936,294,Jennifer Hudson,Leona Lewis
62,1004,7,0.0036997885835095136,0.4666666666666667,35.31733333333333,2.399742104673086,68,1013,Icehouse,Ultravox
933,919,8,0.004228329809725159,0.5,27.823529411764707,2.399116766044528,942,928,Iced Earth,Helloween
928,919,8,0.004228329809725159,0.5,27.823529411764707,2.399116766044528,937,928,Stratovarius,Helloween
1975,1968,8,0.004228329809725159,0.5,27.823529411764707,2.399116766044528,1990,1983,Fever Ray,The Knife
1341,911,10,0.005285412262156448,0.5882352941176471,16.862745098039216,2.3975102985988026,1350,920,Edguy,Dream Theater
1948,1928,6,0.003171247357293869,0.46153846153846156,36.38461538461539,2.393195379322294,1963,1943,MF DOOM,Flying Lotus
2007,2009,6,0.003171247357293869,0.4,63.06666666666667,2.3915223110923507,2022,2024,Melanie C,Emma Bunton
4922,455,6,0.003171247357293869,0.8571428571428571,6.9009118541033425,2.388674576089669,5032,461,Britt Nicole,Miley Cyrus
6311,1034,10,0.005285412262156448,0.5882352941176471,16.611062335381916,2.3847484920697917,6453,1043,The Academy Is...,Boys Like Girls
1680,475,7,0.0036997885835095136,0.5833333333333334,16.97948717948718,2.38333723929431,1689,481,Bowling for Soup,Simple Plan
4920,418,8,0.004228329809725159,0.7272727272727273,9.690140845070422,2.3829219165072115,5030,424,The Pigeon Detectives,The Strokes
2119,418,8,0.004228329809725159,0.7272727272727273,9.690140845070422,2.3829219165072115,2134,424,Julian Casablancas,The Strokes
2011,2015,5,0.002642706131078224,0.4166666666666667,52.555555555555564,2.381571404957118,2026,2030,The Residents,Coil
1512,1272,5,0.002642706131078224,0.4166666666666667,52.555555555555564,2.381571404957118,1521,1281,Morbid Angel,Cannibal Corpse
4134,831,5,0.002642706131078224,0.4166666666666667,52.555555555555564,2.381571404957118,4218,840,Pennywise,Millencolin
1850,1843,5,0.002642706131078224,0.4166666666666667,52.555555555555564,2.381571404957118,1859,1852,Thousand Foot Krutch,Red
985,62,5,0.002642706131078224,0.4166666666666667,52.555555555555564,2.381571404957118,994,68,Howard Jones,Icehouse
1971,748,7,0.0036997885835095136,0.6363636363636364,13.377777777777778,2.381124187546381,1986,757,Metronomy,Crystal Castles
5833,1038,5,0.002642706131078224,0.5555555555555556,19.46502057613169,2.3793399803449873,5958,1047,The Summer Set,McFly
