resena_id,restaurante,calificacion,texto
1,El Pirata del Sabor Vegano,4,Cobran la propina sin avisar y el valor final sube. La cuenta salió cara y la factura traia cobros que no pedimos. El lugar estaba limpio y las sillas comodas. El lugar estaba limpio y las sillas comodas. El descuento del dia deja la cuenta muy barata. La cuenta salió cara y la factura traia cobros que no pedimos. Los precios subieron y ya no es económico. La cuenta fue economica y el valor esta justificado. Escribanme a quejas@laterraza.com si quieren la foto.
2,Muuu Said the Happy Cow,3,La música acompaña sin tapar la conversacion. El ambiente era deficiente por el ruido de la calle. La iluminación del salon es cálida. El servicio fue pésimo y tuvimos que llamar varias veces. La decoracion esta descuidada y la luz muy fuerte. Mas fotos en info@mercado93.co.
3,La Verdura Inquieta,4,La porción fue pequena para lo que ofrece el menu. Nos cobraron un valor distinto al de la carta. La presentación del plato acompaña el sabor. La sazón del plato quedó desbalanceada y demasiado salada. El precio de la carta me parecio mal para lo que sirven. El postre cerro la comida de forma notable. Pagamos $76.400 en total.
4,Casa Sazon,4,El personal no estaba pendiente de las mesas. Tomaron el pedido rápido y llego sin errores. Tienen precios claros y la factura llega detallada. Pagar aqui se siente razonable por lo que sirven. El mesero explico el menu con paciencia y fue cortés.
5,Mercado 93,3,Pedimos verduras y llegaron recalentadas. Los ingredientes se sentian frescos y la porcion generosa. Los ingredientes no se sentian frescos.
6,Mercado 93,3,La promocion que anuncian no aplicaba al pagar. Los precios subieron y ya no es económico. La cuenta fue economica y el valor esta justificado.
7,La Terraza del Chico,3,Los precios subieron y ya no es económico. El precio de la carta me parecio pésimo para lo que sirven. La promocion que anuncian no aplicaba al pagar. Los precios subieron y ya no es económico. Manejan una promocion de almuerzo que vale la pena. La cuenta fue economica y el valor esta justificado.!!!
8,Muuu Said the Happy Cow,3,Los ingredientes no se sentian frescos. La música estaba demasiado alta para conversar. El lugar se sentia estrecho y las sillas incomodas. La música estaba demasiado alta para conversar.
9,Muuu Said the Happy Cow,3,El espacio es amplio y se siente tranquilo. La musica estaba demasiado alta para conversar. El lugar se sentia estrecho y las sillas incomodas. Pedimos verduras y llegaron recalentadas. El sitio no estaba limpio cuando llegamos. Probamos el plato picante y el sabor era intenso pero equilibrado. El postre cerro la comida de forma muy bueno. La decoracion esta descuidada y la luz muy fuerte. El ambiente del lugar es deliciozo y muy acogedor.
10,La Verdura Inquieta,4,La decoración y la luz hacen agradable el espacio. El postre estaba pésimo y sin gracia. La música acompaña sin tapar la conversacion. La sazón de la casa es lo mejor del menu. Pedimos la carne y quedó en su punto exacto. Pedimos la carne y quedó en su punto exacto. El plato venia mal preparado y la carne seca.
11,El Pirata del Sabor Vegano,2,La promocion que anuncian no aplicaba al pagar. La cuenta fue economica y el valor esta justificado. El costo no corresponde con la calidad. La atencion hizo la diferencia en la visita. La porción fue pequena para lo que ofrece el menu. La sazon del plato quedó desbalanceada y demasiado salada.
12,Muuu Said the Happy Cow,4,La decoración y la luz hacen agradable el espacio. Las mesas están bien separadas y el sitio es silencioso. El ambiente era regular por el ruido de la calle. El espacio es amplio y se siente tranquilo. El lugar estaba limpio y las sillas comodas. El lugar se sentia estrecho y las sillas incomodas. La iluminación del salon es cálida. El sitio no estaba limpio cuando llegamos. Pagamos $120.000 en total.
13,Vegan Island,3,El costo no corresponde con la calidad. Los ingredientes se sentian frescos y la porción generosa. El precio de la carta me parecio flojo para lo que sirven. Es un lugar económico para el tamaño de las porciones.
14,El Pirata del Sabor Vegano,4,El ambiente era pésimo por el ruido de la calle. La música estaba demasiado alta para conversar. La cuenta fue economica y el valor esta justificado. Pagamos mucho por una porción pequena. La terraza tiene una vista bonita para la tarde. El precio de la carta me parecio deficiente para lo que sirven. El ambiente era mal por el ruido de la calle. Los precios subieron y ya no es económico. Las mesas están bien separadas y el sitio es silencioso. Llamen al 310 555 12 34 antes de ir.!!!
15,El Pirata del Sabor Vegano,1,PEDIMOS VERDURAS Y LLEGARON RECALENTADAS. PEDIMOS VERDURAS Y LLEGARON RECALENTADAS. LA PORCIÓN FUE PEQUENA PARA LO QUE OFRECE EL MENU. EL POSTRE ESTABA FLOJO Y SIN GRACIA. EL POSTRE CERRO LA COMIDA DE FORMA NOTABLE. EL PLATO VENIA DEFICIENTE PREPARADO Y LA CARNE SECA. LOS INGREDIENTES NO SE SENTIAN FRESCOS. LA COMIDA LLEGÓ FRIA Y SIN SABOR. LA COMIDA LLEGÓ FRIA Y SIN SABOR.
16,Casa Sazon,3,La terraza tiene una vista bonita para la tarde. La música estaba demasiado alta para conversar. Las mesas están bien separadas y el sitio es silencioso. La terraza estaba cerrada y no avisaron. Las mesas están bien separadas y el sitio es silencioso. La decoración y la luz hacen agradable el espacio. La música estaba demasiado alta para conversar. Habia mucho ruido y el espacio mal ventilado. La terraza estaba cerrada y no avisaron.
17,Casa Sazon,3,Manejan una promocion de almuerzo que vale la pena. La promocion que anuncian no aplicaba al pagar. Manejan una promocion de almuerzo que vale la pena. Manejan una promocion de almuerzo que vale la pena. La promocion que anuncian no aplicaba al pagar. La cuenta salio cara y la factura traia cobros que no pedimos. La promocion que anuncian no aplicaba al pagar.
18,Mercado 93,4,EL PLATO VENIA FLOJO PREPARADO Y LA CARNE SECA. LA DECORACIÓN Y LA LUZ HACEN AGRADABLE EL ESPACIO. PEDIMOS VERDURAS Y LLEGARON RECALENTADAS. EL POSTRE CERRO LA COMIDA DE FORMA CORRECTO. EL POSTRE CERRO LA COMIDA DE FORMA MUY BUENO. LA CUENTA FUE DE $45.000.
19,Paul's Mcarne Feast Palace,5,El descuento del dia deja la cuenta muy barata. Tienen precios claros y la factura llega detallada. La cuenta salió cara y la factura traia cobros que no pedimos. Tienen precios claros y la factura llega detallada. El descuento del dia deja la cuenta muy barata. Pagar aqui se siente razonable por lo que sirven. El descuento del dia deja la cuenta muy barata. Escribanme a quejas@laterraza.com si quieren la foto.!!!
20,El Pirata del Sabor Vegano,4,La música acompaña sin tapar la conversacion. La iluminación del salon es calida. El plato principal llegó bien preparado y con una sazón muy bueno. Pedimos verduras y llegaron recalentadas. El plato venia regular preparado y la carne seca. El lugar estaba limpio y las sillas comodas. El servicio fue deficiente y tuvimos que llamar varias veces.
21,La Verdura Inquieta,5,El valor de los platos esta por debajo del promedio de la zona. Cobran la propina sin avisar y el valor final sube. El descuento del dia deja la cuenta muy barata. La cuenta fue economica y el valor esta justificado. El presio de la carta me parecio flojo para lo que sirven. El precio es correcto para la calidad que ofrecen.
22,Paul's Mcarne Feast Palace,2,El sabor no corresponde a lo que promete la carta. Pedimos la carne y quedo en su punto exacto. El costo no corresponde con la calidad. Pusimos un reclamo y nadie respondió. El sabor no corresponde a lo que promete la carta. El mesero reviso el pedido antes de traerlo. La porción fue pequena para lo que ofrece el menu. Pagar aqui se siente razonable por lo que sirven. La sazón del plato quedo desbalanceada y demasiado salada.
23,Paul's Mcarne Feast Palace,5,Tienen precios claros y la factura llega detallada. El espacio es amplio y se siente tranquilo. Pagar aqui se siente razonable por lo que sirven. Llamen al 310 555 12 34 antes de ir.
24,Casa Sazon,3,El costo no corresponde con la calidad. El precio de la carta me parecio flojo para lo que sirven. Cobran la propina sin avisar y el valor final sube. La promocion que anuncian no aplicaba al pagar. La terraza tiene una vista bonita para la tarde. El ambiente del lugar es muy bueno y muy acogedor. Tienen precios claros y la factura llega detallada. Los precios subieron y ya no es económico.
25,Casa Sazon,4,Cobran la propina sin avisar y el valor final sube. Nos cobraron un valor distinto al de la carta. El ambiente era mal por el ruido de la calle. Habia mucho ruido y el espacio mal ventilado. La presentación del plato acompaña el sabor. El valor de los platos esta por debajo del promedio de la zona. Escribanme a quejas@laterraza.com si quieren la foto.
26,Casa Sazon,3,EL AMBIENTE ERA DEFICIENTE POR EL RUIDO DE LA CALLE. NOS COBRARON UN VALOR DISTINTO AL DE LA CARTA. LAS MESAS ESTÁN BIEN SEPARADAS Y EL SITIO ES SILENCIOSO. LA PROMOCION QUE ANUNCIAN NO APLICABA AL PAGAR. LOS PRECIOS SUBIERON Y YA NO ES ECONÓMICO. EL VALOR DE LOS PLATOS ESTA POR DEBAJO DEL PROMEDIO DE LA ZONA.!!!
27,Paul's Mcarne Feast Palace,3,La atención hizo la diferencia en la visita. La cuenta salió cara y la factura traia cobros que no pedimos. El precio de la carta me parecio regular para lo que sirven. Pagamos $18.900 en total.
28,Muuu Said the Happy Cow,3,El ambiente del lugar es excelente y muy acogedor. La terraza tiene una vista bonita para la tarde. El plato principal llegó bien preparado y con una sazon delicioso. El lugar estaba limpio y las sillas comodas. La cuenta fue economica y el valor esta justificado. Los precios subieron y ya no es económico. El lugar se sentia estrecho y las sillas incomodas. El ambiente era mal por el ruido de la calle.
29,La Verdura Inquieta,3,LAS MESAS ESTÁN BIEN SEPARADAS Y EL SITIO ES SILENCIOSO. EL LUGAR SE SENTIA ESTRECHO Y LAS SILLAS INCOMODAS. TIENEN PRECIOS CLAROS Y LA FACTURA LLEGA DETALLADA. EL ESPACIO ES AMPLIO Y SE SIENTE TRANQUILO. HABIA MUCHO RUIDO Y EL ESPACIO MAL VENTILADO. LA DECORACIÓN Y LA LUZ HACEN AGRADABLE EL ESPACIO.
30,Mercado 93,4,El sitio no estaba limpio cuando llegamos. El precio de la carta me parecio deficiente para lo que sirven. La música estaba demasiado alta para conversar. Llamen al 320 444 9911 antes de ir.
31,Muuu Said the Happy Cow,3,El mesero reviso el pedido antes de traerlo. Pedimos verduras y llegaron recalentadas. Los ingredientes no se sentian frescos. La sazón de la casa es lo mejor del menu. Las verduras estaban frescas y bien condimentadas. La sazón del plato quedó desbalanceada y demasiado salada. La porcion fue pequena para lo que ofrece el menu. El sabor no corresponde a lo que promete la carta. El postre cerro la comnida de forma muy bueno.!!!
32,La Terraza del Chico,1,La comida llegó fria y sin sabor. La comida llegó fria y sin sabor. La comida estuvo muy bueno y el sabor de los platos me sorprendio. La sazón del plato quedó desbalanceada y demasiado salada. Los ingredientes no se sentian frescos. La sazón de la casa es lo mejor del menu. El plato venia mal preparado y la carne seca. El sabor no corresponde a lo que promete la carta. La sazón del plato quedó desbalanceada y demasiado salada. Reservas al 3105551234.!!!
33,La Terraza del Chico,3,Probamos el plato picante y el sabor era intenso pero equilibrado. El postre cerro la comnida de forma muy bueno. El postre cerro la comida de forma muy bueno. Los ingredientes no se sentian frescos. Los ingredientes no se sentian frescos. La comida llegó fria y sin sabor.
34,Vegan Island,2,LA PROMOCION QUE ANUNCIAN NO APLICABA AL PAGAR. LA PROMOCION QUE ANUNCIAN NO APLICABA AL PAGAR. LAS VERDURAS ESTABAN FRESCAS Y BIEN CONDIMENTADAS.
35,Vegan Island,3,El lugar estaba limpio y las sillas comodas. Las mesas están bien separadas y el sitio es silencioso. El ambiente del lugar es delicioso y muy acogedor. La terraza estaba cerrada y no avisaron. La atención fue distante y poco cortés. Los ingredientes no se sentian frescos. El lugar estaba limpio y las sillas comodas. Los precios subieron y ya no es económico.
36,Muuu Said the Happy Cow,4,La atención hizo la diferencia en la visita. La comida llegó fria y sin sabor. La atención fue distante y poco cortés. Probamos el plato picante y el sabor era intenso pero equilibrado. Tomaron el pedido rápido y llegó sin errores. La porcion fue pequena para lo que ofrece el menu.
37,La Verdura Inquieta,3,Tomaron el pedido rápido y llego sin errores. Esperamos mucho tiempo por la cuenta. El mesero se equivocó con el pedido de la mesa. El servicio fue pésimo y tuvimos que llamar varias veces. Nos atendieron rápido y con amabilidad. La atencion hizo la diferencia en la visita. Nos ubicaron en la mesa apenas llegamos. El personal es amable y resuelve cualquier duda.
38,Muuu Said the Happy Cow,2,Pedimos la carne y quedó en su punto exacto. El costo no corresponde con la calidad. Los ingredientes no se sentian frescos. Pagar aqui se siente razonable por lo que sirven.
39,Casa Sazon,2,Esperamos mucho tiempo por la cuenta. El postre estaba mal y sin gracia. Nos atendieron rapido y con amabilidad. Pagamos mucho por una porción pequena. Tienen precios claros y la factura llega detallada. La sazon del plato quedó desbalanceada y demasiado salada. Los precios subieron y ya no es económico. El personal es amable y resuelve cualquier duda.
40,El Pirata del Sabor Vegano,4,EL PRECIO ES NOTABLE PARA LA CALIDAD QUE OFRECEN. LOS INGREDIENTES SE SENTIAN FRESCOS Y LA PORCIÓN GENEROSA. EL SABOR NO CORRESPONDE A LO QUE PROMETE LA CARTA. PEDIMOS VERDURAS Y LLEGARON RECALENTADAS. EL PLATO PRINCIPAL LLEGÓ BIEN PREPARADO Y CON UNA SAZÓN CORRECTO. LA COMIDA ESTUVO MUY BUENO Y EL SABOR DE LOS PLATOS ME SORPRENDIÓ. EL POSTRE CERRO LA COMIDA DE FORMA CORRECTO. EL POSTRE CERRO LA COMIDA DE FORMA MUY BUENO.
41,El Pirata del Sabor Vegano,5,Tomaron el pedido rápido y llego sin errores. El mesero explico el menu con paciencia y fue cortés. Tomaron el pedido rápido y llego sin errores. La atencion en la mesa estuvo pendiente todo el tiempo.
42,La Terraza del Chico,4,La presentacion del plato acompaña el sabor. La sazón de la casa es lo mejor del menu. El postre cerro la comida de forma notable. El sabor no corresponde a lo que promete la carta.
43,El Pirata del Sabor Vegano,4,Las verduras estaban frescas y bien condimentadas. Es un lugar económico para el tamano de las porciones. La atención fue distante y poco cortés. El postre cerro la comida de forma notable.
44,La Verdura Inquieta,4,El presio de la carta me parecio deficiente para lo que sirven. Tomaron el pedido rápido y llegó sin errores. El mesero explicó el menu con paciencia y fue cortes. La espera para que tomaran el pedido fue larga. Tienen precios claros y la factura llega detallada. El mesero se equivoco con el pedido de la mesa. El descuento del dia deja la cuenta muy barata.
45,Mercado 93,4,El espacio es amplio y se siente tranquilo. La sazón del plato quedó desbalanceada y demasiado salada. El ambiente del lugar es notable y muy acogedor. Las mesas están bien separadas y el sitio es silencioso.
46,Vegan Island,1,Pusimos un reclamo y nadie respondió. El ambiente era deficiente por el ruido de la calle. La terraza tiene una vista bonita para la tarde. La terraza tiene una vista bonita para la tarde. El lugar se sentia estrecho y las sillas incomodas. El ambiente era pésimo por el ruido de la calle.
47,La Verdura Inquieta,3,Esperamos mucho tiempo por la cuenta. El costo no corresponde con la calidad. El postre estaba regular y sin gracia. El precio de la carta me parecio pésimo para lo que sirven. El menu tiene variedad y cada plato mantiene la calidad. La música estaba demasiado alta para conversar. Mas fotos en quejas@laterraza.com.
48,Casa Sazon,3,La cuenta salio cara y la factura traia cobros que no pedimos. Es un lugar economico para el tamano de las porciones. La atencion en la mesa estuvo pendiente todo el tiempo. El mesero reviso el pedido antes de traerlo.
49,Muuu Said the Happy Cow,3,La comida llego fria y sin sabor. La música estaba demasiado alta para conversar. El servicio fue muy bueno y el mesero muy atento. El lugar estaba limpio y las sillas comodas. La iluminacion del salon es cálida. La comida llego fria y sin sabor.
50,Mercado 93,4,El personal es amable y resuelve cualquier duda. El mesero reviso el pedido antes de traerlo. Hubo demora en la cocina y nadie nos aviso. Pusimos un reclamo y nadie respondió. El mesero se equivocó con el pedido de la mesa. La atención fue distante y poco cortes. Llamen al 6012345678 antes de ir.
51,Paul's Mcarne Feast Palace,3,"El ambiente era mal por el ruido de la calle. Habia mucho ruido y el espacio mal ventilado. La iluminación del salon es calida. La terraza tiene una vista bonita para la tarde. Vale 25 mil, ojo con eso."
52,Casa Sazon,2,Pagamos mucho por una porción pequena. Pedimos la carne y quedó en su punto exacto. El presio de la carta me parecio mal para lo que sirven. Pedimos verduras y llegaron recalentadas. Escribanme a contacto@resto.co si quieren la foto.
53,Vegan Island,1,El servicio fue pésimo y tuvimos que llamar varias veces. La cuenta salió cara y la factura traia cobros que no pedimos. La cuenta salió cara y la factura traia cobros que no pedimos.
54,Muuu Said the Happy Cow,4,Los precios subieron y ya no es económico. El valor de los platos esta por debajo del promedio de la zona. Cobran la propina sin avisar y el valor final sube. Nos cobraron un valor distinto al de la carta.
55,Vegan Island,3,El personal es amable y resuelve cualquier duda. El personal no estaba pendiente de las mesas. Habia mucho ruido y el espacio mal ventilado. El servicio fue regular y tuvimos que llamar varias veces. El servicio fue muy bueno y el mesero muy atento. Pagar aqui se siente razonable por lo que sirven. El espacio es amplio y se siente tranquilo.
56,El Pirata del Sabor Vegano,5,La música acompaña sin tapar la conversacion. El lugar estaba limpio y las sillas comodas. La música acompaña sin tapar la conversacion. Nos atendieron rápido y con amabilidad. Reservas al 6012345678.
57,Mercado 93,3,La porción fue pequena para lo que ofrece el menu. Tomaron el pedido rápido y llegó sin errores. El mesero reviso el pedido antes de traerlo.!!!
58,Paul's Mcarne Feast Palace,3,El costo no corresponde con la calidad. Cobran la propina sin avisar y el valor final sube. El personal no estaba pendiente de las mesas. El mesero reviso el pedido antes de traerlo. El precio de la carta me parecio deficiente para lo que sirven.
59,Muuu Said the Happy Cow,5,La decoracion y la luz hacen agradable el espacio. El descuento del dia deja la cuenta muy barata. El mesero explicó el menu con paciencia y fue cortés. La música estaba demasiado alta para conversar.
60,La Terraza del Chico,2,PEDIMOS VERDURAS Y LLEGARON RECALENTADAS. EL PERSONAL NO ESTABA PENDIENTE DE LAS MESAS. LAS MESAS ESTAN BIEN SEPARADAS Y EL SITIO ES SILENCIOSO. EL PLATO VENIA DEFICIENTE PREPARADO Y LA CARNE SECA. EL AMBIENTE ERA PÉSIMO POR EL RUIDO DE LA CALLE. EL SITIO NO ESTABA LIMPIO CUANDO LLEGAMOS. LOS INGREDIENTES SE SENTIAN FRESCOS Y LA PORCIÓN GENEROSA. EL AMBIENTE ERA REGULAR POR EL RUIDO DE LA CALLE. MAS FOTOS EN INFO@MERCADO93.CO.
61,Vegan Island,3,La comida estuvo excelente y el sabor de los platos me sorprendió. Tomaron el pedido rápido y llegó sin errores. La porción fue pequena para lo que ofrece el menu. El postre cerro la comida de forma correcto. Probamos el plato picante y el sabor era intenso pero equilibrado. Reservas al 3105551234.
62,El Pirata del Sabor Vegano,4,Hubo demora en la cocina y nadie nos aviso. Manejan una promocion de almuerzo que vale la pena. La espera para que tomaran el pedido fue larga. El zervicio fue regular y tuvimos que llamar varias veces. La atención en la mesa estuvo pendiente todo el tiempo. El mesero explicó el menu con paciencia y fue cortés.
63,Casa Sazon,5,"La atencion en la mesa estuvo pendiente todo el tiempo. El mesero se equivoco con el pedido de la mesa. Esperamos mucho tiempo por la cuenta. El mesero se equivoco con el pedido de la mesa. El personal es amable y resuelve cualquier duda. El personal es amable y resuelve cualquier duda. El servicio fue flojo y tuvimos que llamar varias veces. Nos ubicaron en la mesa apenas llegamos. Vale 60 mil, ojo con eso."
64,Paul's Mcarne Feast Palace,4,El personal es amable y resuelve cualquier duda. El servicio fue flojo y tuvimos que llamar varias veces. La atención en la mesa estuvo pendiente todo el tiempo. Pusimos un reclamo y nadie respondió. El espacio es amplio y se siente tranquilo. La música estaba demasiado alta para conversar.
65,La Verdura Inquieta,1,El precio de la carta me parecio pésimo para lo que sirven. El personal no estaba pendiente de las mesas. La promocion que anuncian no aplicaba al pagar. La promocion que anuncian no aplicaba al pagar. La terraza estaba cerrada y no avisaron. El lugar estaba limpio y las sillas comodas. El lugar se sentia estrecho y las sillas incomodas. El ambiente del lugar es delicioso y muy acogedor.
66,El Pirata del Sabor Vegano,3,Las verduras estaban frescas y bien condimentadas. La comida estuvo notable y el sabor de los platos me sorprendio. El personal no estaba pendiente de las mesas. Habia mucho ruido y el espacio mal ventilado. La decoración y la luz hacen agradable el espacio. La decoración y la luz hacen agradable el espacio. Tomaron el pedido rápido y llegó sin errores. El sabor no corresponde a lo que promete la carta. Escribanme a quejas@laterraza.com si quieren la foto.
67,Mercado 93,4,La música estaba demasiado alta para conversar. El espacio es amplio y se siente tranquilo. El ambiente del lugar es muy bueno y muy acogedor. Pusimos un reclamo y nadie respondió. El ambiente del lugar es excelente y muy acogedor. El sitio no estaba limpio cuando llegamos. El mesero se equivoco con el pedido de la mesa.
68,Casa Sazon,3,El plato venia flojo preparado y la carne seca. La sazón de la casa es lo mejor del menu. La comnida llegó fria y sin sabor. El plato principal llegó bien preparado y con una sazón notable.!!!
69,Vegan Island,3,El servicio fue muy bueno y el mesero muy atento. El mesero se equivocó con el pedido de la mesa. Pusimos un reclamo y nadie respondió. La atención hizo la diferencia en la visita.
70,Muuu Said the Happy Cow,3,La sazón de la casa es lo mejor del menu. Los ingredientes se sentian frescos y la porción generosa. Pedimos verduras y llegaron recalentadas. El postre estaba pésimo y sin gracia. El postre estaba pésimo y sin gracia. Los ingredientes se sentian frescos y la porción generosa. La sazón del plato quedó desbalanceada y demasiado salada.
71,Paul's Mcarne Feast Palace,3,El ambiente era mal por el ruido de la calle. La terraza estaba cerrada y no avisaron. La iluminacion del salon es cálida.
72,La Verdura Inquieta,1,La decoración esta descuidada y la luz muy fuerte. El ambiente era pésimo por el ruido de la calle. La atención hizo la diferencia en la visita. La espera para que tomaran el pedido fue larga. La cuenta fue de $32.500.
73,Paul's Mcarne Feast Palace,3,Pusimos un reclamo y nadie respondió. Pusimos un reclamo y nadie respondió. Esperamos mucho tiempo por la cuenta. Tomaron el pedido rápido y llego sin errores. El plato principal llego bien preparado y con una sazon notable. Nos atendieron rápido y con amabilidad. El servicio fue delicioso y el mesero muy atento. La atención en la mesa estuvo pendiente todo el tiempo.
74,Paul's Mcarne Feast Palace,4,Nos ubicaron en la mesa apenas llegamos. La atención en la mesa estuvo pendiente todo el tiempo. Pagar aqui se siente razonable por lo que sirven. El valor de los platos esta por debajo del promedio de la zona. El servicio fue excelente y el mesero muy atento. La atención fue distante y poco cortés. Hubo demora en la cocina y nadie nos aviso. Reservas al 310 555 12 34.
75,La Verdura Inquieta,4,El precio es muy bueno para la calidad que ofrecen. Probamos el plato picante y el sabor era intenso pero equilibrado. La cuenta fue economica y el valor esta justificado.
76,Muuu Said the Happy Cow,1,El lugar se sentia estrecho y las sillas incomodas. Pedimos verduras y llegaron recalentadas. La sazon del plato quedó desbalanceada y demasiado salada. Mas fotos en reservas@casasazon.com.co.
77,Muuu Said the Happy Cow,5,Habia mucho ruido y el espacio mal ventilado. El espacio es amplio y se siente tranquilo. Las mesas están bien separadas y el sitio es silencioso. Probamos el plato picante y el sabor era intenso pero equilibrado. El precio es correcto para la calidad que ofrecen.
78,Vegan Island,4,Nos cobraron un valor distinto al de la carta. El ambiente del lugar es notable y muy acogedor. Nos cobraron un valor distinto al de la carta. El espacio es amplio y se siente tranquilo. La atención hizo la diferencia en la visita. La terraza estaba cerrada y no avisaron. Mas fotos en reservas@casasazon.com.co.
79,La Verdura Inquieta,2,El sabor no corresponde a lo que promete la carta. El postre estaba flojo y sin gracia. El menu tiene variedad y cada plato mantiene la calidad. La sazón del plato quedó desbalanceada y demasiado salada. La comida llegó fria y sin sabor.
80,Paul's Mcarne Feast Palace,3,La sazon de la casa es lo mejor del menu. Esperamos mucho tiempo por la cuenta. Los ingredientes se sentian frescos y la porción generosa.
81,La Verdura Inquieta,5,La atención en la mesa estuvo pendiente todo el tiempo. El personal es amable y resuelve cualquier duda. Tomaron el pedido rápido y llegó sin errores. El mesero se equivocó con el pedido de la mesa.
82,La Terraza del Chico,3,La terraza estaba cerrada y no avisaron. El mesero se equivocó con el pedido de la mesa. El sitio no estaba limpio cuando llegamos.
83,Vegan Island,3,HUBO DEMORA EN LA COCINA Y NADIE NOS AVISO. NOS COBRARON UN VALOR DISTINTO AL DE LA CARTA. TIENEN PRECIOS CLAROS Y LA FACTURA LLEGA DETALLADA. LA CUENTA SALIO CARA Y LA FACTURA TRAIA COBROS QUE NO PEDIMOS. LOS PRECIOS SUBIERON Y YA NO ES ECONOMICO. ESPERAMOS MUCHO TIEMPO POR LA CUENTA. EL DESCUENTO DEL DIA DEJA LA CUENTA MUY BARATA. EL COSTO NO CORRESPONDE CON LA CALIDAD.
84,Vegan Island,4,Nos cobraron un valor distinto al de la carta. La promocion que anuncian no aplicaba al pagar. La comida estuvo excelente y el sabor de los platos me sorprendió. El descuento del dia deja la cuenta muy barata.
85,Casa Sazon,3,La atención hizo la diferencia en la visita. Hubo demora en la cocina y nadie nos aviso. El servicio fue pésimo y tuvimos que llamar varias veces.
86,Muuu Said the Happy Cow,2,La cuenta salió cara y la factura traia cobros que no pedimos. El mesero explicó el menu con paciencia y fue cortes. La atención en la mesa estuvo pendiente todo el tiempo. Tomaron el pedido rápido y llegó sin errores. La cuenta salió cara y la factura traia cobros que no pedimos. La promocion que anuncian no aplicaba al pagar.
87,La Verdura Inquieta,4,El plato venia flojo preparado y la carne seca. Las verduras estaban frescas y bien condimentadas. Los ingredientes se sentian frescos y la porción generosa. La cuenta fue de $9.800.
88,Muuu Said the Happy Cow,3,El sitio no estaba limpio cuando llegamos. Habia mucho ruido y el espacio mal ventilado. La terraza tiene una vista bonita para la tarde. La decoración esta descuidada y la luz muy fuerte. El personal es amable y resuelve cualquier duda. Nos atendieron rapido y con amabilidad. El servicio fue notable y el mesero muy atento. El ambiente era flojo por el ruido de la calle.
89,Vegan Island,4,El espacio es amplio y se siente tranquilo. El descuento del dia deja la cuenta muy barata. La cuenta salió cara y la factura traia cobros que no pedimos. La cuenta salió cara y la factura traia cobros que no pedimos. Cobran la propina sin avisar y el valor final sube. El descuento del dia deja la cuenta muy barata. La sazón del plato quedó desbalanceada y demasiado salada. Las verduras estaban frescas y bien condimentadas. Nos atendieron rapido y con amabilidad.
90,La Terraza del Chico,3,El servicio fue excelente y el mesero muy atento. Pusimos un reclamo y nadie respondio. La atencion en la mesa estuvo pendiente todo el tiempo. Pusimos un reclamo y nadie respondio. Tomaron el pedido rápido y llegó sin errores. El mesero reviso el pedido antes de traerlo. La decoración y la luz hacen agradable el espacio. Pusimos un reclamo y nadie respondio.
91,La Terraza del Chico,4,El ambiente era regular por el ruido de la calle. El espacio es amplio y se siente tranquilo. La atención fue distante y poco cortés. Nos ubicaron en la mesa apenas llegamos.
92,Casa Sazon,4,El ambiente era mal por el ruido de la calle. La comida estuvo delicioso y el sabor de los platos me sorprendió. Pagar aqui se siente razonable por lo que sirven. Escribanme a ana.mesa+resenas@gmail.com si quieren la foto.!!!
93,Vegan Island,4,Las mesas están bien separadas y el sitio es silencioso. La música estaba demasiado alta para conversar. El ambiente del lugar es deliciozo y muy acogedor. Habia mucho ruido y el espacio mal ventilado. Nos atendieron rápido y con amabilidad.
94,Muuu Said the Happy Cow,5,"El plato principal llegó bien preparado y con una sazón delicioso. El descuento del dia deja la cuenta muy barata. Nos cobraron un valor distinto al de la carta. La atención en la mesa estuvo pendiente todo el tiempo. El menu tiene variedad y cada plato mantiene la calidad. El precio es delicioso para la calidad que ofrecen. El precio es excelente para la calidad que ofrecen. Nos ubicaron en la mesa apenas llegamos. El postre cerro la comida de forma correcto. Vale 18 mil, ojo con eso."
95,Mercado 93,2,Pedimos la carne y quedó en su punto exacto. Pusimos un reclamo y nadie respondio. El sitio no estaba limpio cuando llegamos. El plato venia pésimo preparado y la carne seca. El servicio fue correcto y el mesero muy atento. El ambiente era deficiente por el ruido de la calle. La música estaba demasiado alta para conversar. La iluminación del salon es cálida.
96,Casa Sazon,5,El espacio es amplio y se siente tranquilo. Pedimos la carne y quedo en su punto exacto. Pedimos la carne y quedo en su punto exacto. La porcion fue pequena para lo que ofrece el menu. Reservas al 3105551234.!!!
97,Casa Sazon,4,El mesero explico el menu con paciencia y fue cortes. El servicio fue regular y tuvimos que llamar varias veces. La atención en la mesa estuvo pendiente todo el tiempo. El mesero reviso el pedido antes de traerlo. El servicio fue mal y tuvimos que llamar varias veces. El servicio fue excelente y el mesero muy atento. La espera para que tomaran el pedido fue larga. Tomaron el pedido rápido y llego sin errores. La espera para que tomaran el pedido fue larga.
98,El Pirata del Sabor Vegano,2,Los precios subieron y ya no es economico. La cuenta salió cara y la factura traia cobros que no pedimos. El precio de la carta me parecio deficiente para lo que sirven. Cobran la propina sin avisar y el valor final sube.
99,Paul's Mcarne Feast Palace,3,Habia mucho ruido y el espacio mal ventilado. El postre cerro la comida de forma muy bueno. La promocion que anuncian no aplicaba al pagar. La terraza estaba cerrada y no avisaron. El lugar estaba limpio y las sillas comodas. El personal es amable y resuelve cualquier duda. La atención en la mesa estuvo pendiente todo el tiempo. Nos cobraron un valor distinto al de la carta.
100,Vegan Island,1,La atención fue distante y poco cortes. Hubo demora en la cocina y nadie nos aviso. El servicio fue mal y tuvimos que llamar varias veces. Pusimos un reclamo y nadie respondió.
101,Paul's Mcarne Feast Palace,4,La iluminación del salon es cálida. La decoracion esta descuidada y la luz muy fuerte. La musica acompana sin tapar la conversacion. El lugar se sentia estrecho y las sillas incomodas. La iluminación del salon es cálida. El postre estaba pésimo y sin gracia. La decoracion y la luz hacen agradable el espacio. La decoracion y la luz hacen agradable el espacio. La iluminación del salon es cálida.
102,Casa Sazon,3,Las verduras estaban frescas y bien condimentadas. El postre estaba flojo y sin gracia. La porción fue pequena para lo que ofrece el menu. Pagamos $18.900 en total.
103,El Pirata del Sabor Vegano,3,La terraza estaba cerrada y no avisaron. El anbiente del lugar es muy bueno y muy acogedor. Las mesas están bien separadas y el sitio es silencioso. La cuenta salió cara y la factura traia cobros que no pedimos. La cuenta fue economica y el valor esta justificado. Esperamos mucho tiempo por la cuenta. Llamen al 601 555 1234 antes de ir.
104,La Terraza del Chico,4,La promocion que anuncian no aplicaba al pagar. La terraza tiene una vista bonita para la tarde. La terraza tiene una vista bonita para la tarde. La atención en la mesa estuvo pendiente todo el tiempo. El espacio es amplio y se siente tranquilo. El lugar se sentia estrecho y las sillas incomodas.
105,Mercado 93,5,El valor de los platos esta por debajo del promedio de la zona. Las verduras estaban frescas y bien condimentadas. La sazón de la casa es lo mejor del menu.
106,Muuu Said the Happy Cow,4,El postre estaba flojo y sin gracia. La porción fue pequena para lo que ofrece el menu. El espacio es amplio y se siente tranquilo. Los ingredientes se sentian frescos y la porción generosa. Pedimos la carne y quedó en su punto exacto. La terraza estaba cerrada y no avisaron. La iluminación del salon es cálida.
107,El Pirata del Sabor Vegano,3,El sabor no corresponde a lo que promete la carta. La terraza tiene una vista bonita para la tarde. La sazón del plato quedó desbalanceada y demasiado salada. La porción fue pequena para lo que ofrece el menu. Probamos el plato picante y el sabor era intenso pero equilibrado. La comida estuvo muy bueno y el sabor de los platos me sorprendió.
108,Vegan Island,3,El personal no estaba pendiente de las mesas. Pusimos un reclamo y nadie respondió. Nos ubicaron en la mesa apenas llegamos. La música acompaña sin tapar la conversacion. El mesero se equivocó con el pedido de la mesa. Esperamos mucho tiempo por la cuenta. El mesero explico el menu con paciencia y fue cortés. La atencion hizo la diferencia en la visita. El mesero se equivocó con el pedido de la mesa. Escribanme a ana.mesa+resenas@gmail.com si quieren la foto.
109,Paul's Mcarne Feast Palace,2,La sazón del plato quedó desbalanceada y demasiado salada. Los precios subieron y ya no es economico. Las verduras estaban frescas y bien condimentadas. Esperamos mucho tiempo por la cuenta. El espacio es amplio y se siente tranquilo. Reservas al 310 555 12 34.
110,La Terraza del Chico,4,El valor de los platos esta por debajo del promedio de la zona. Manejan una promocion de almuerzo que vale la pena. El menu tiene variedad y cada plato mantiene la calidad. La cuenta salió cara y la factura traia cobros que no pedimos. El menu tiene variedad y cada plato mantiene la calidad. Tienen precios claros y la factura llega detallada. El costo no corresponde con la calidad. Pedimos la carne y quedo en su punto exacto.
111,El Pirata del Sabor Vegano,3,Pedimos la carne y quedo en su punto exacto. La promocion que anuncian no aplicaba al pagar. La comida llegó fria y sin sabor. Los ingredientes no se sentian frescos.
112,Muuu Said the Happy Cow,5,La atencion hizo la diferencia en la visita. Nos ubicaron en la mesa apenas llegamos. Los ingredientes no se sentian frescos. La música estaba demasiado alta para conversar. Pedimos la carne y quedó en su punto exacto. Nos ubicaron en la mesa apenas llegamos. El postre estaba regular y sin gracia. Llamen al 310 555 12 34 antes de ir.
113,Muuu Said the Happy Cow,3,Es un lugar económico para el tamano de las porciones. Tienen precios claros y la factura llega detallada. El valor de los platos esta por debajo del promedio de la zona. El precio es excelente para la calidad que ofrecen. Mas fotos en ana.mesa+resenas@gmail.com.
114,Mercado 93,4,La porción fue pequena para lo que ofrece el menu. Nos atendieron rápido y con amabilidad. La sazon del plato quedo desbalanceada y demasiado salada. Nos atendieron rápido y con amabilidad. La atención en la mesa estuvo pendiente todo el tiempo. Tienen presios claros y la factura llega detallada. El plato venia deficiente preparado y la carne seca. Nos atendieron rápido y con amabilidad.
115,Vegan Island,4,EL PRECIO DE LA CARTA ME PARECIO FLOJO PARA LO QUE SIRVEN. LA CUENTA SALIO CARA Y LA FACTURA TRAIA COBROS QUE NO PEDIMOS. MANEJAN UNA PROMOCION DE ALMUERZO QUE VALE LA PENA. EL DESCUENTO DEL DIA DEJA LA CUENTA MUY BARATA. LA CUENTA FUE ECONOMICA Y EL VALOR ESTA JUSTIFICADO. EL PRECIO ES CORRECTO PARA LA CALIDAD QUE OFRECEN.
116,Casa Sazon,4,El precio de la carta me parecio mal para lo que sirven. La iluminación del salon es calida. Pagar aqui se siente razonable por lo que sirven. La espera para que tomaran el pedido fue larga. Tienen precios claros y la factura llega detallada. La atención fue distante y poco cortes. Cobran la propina sin avisar y el valor final sube.
117,La Terraza del Chico,1,"La decoración y la luz hacen agradable el espacio. La promocion que anuncian no aplicaba al pagar. El sitio no estaba limpio cuando llegamos. El costo no corresponde con la calidad. El sitio no estaba limpio cuando llegamos. Vale 40 mil, ojo con eso."
118,Paul's Mcarne Feast Palace,2,La cuenta salió cara y la factura traia cobros que no pedimos. Los presios subieron y ya no es económico. Manejan una promocion de almuerzo que vale la pena. El precio es muy bueno para la calidad que ofrecen. El valor de los platos esta por debajo del promedio de la zona. Tomaron el pedido rápido y llegó sin errores.
119,Muuu Said the Happy Cow,3,LA SAZÓN DEL PLATO QUEDO DESBALANCEADA Y DEMASIADO SALADA. LOS INGREDIENTES NO SE SENTIAN FRESCOS. EL ESPACIO ES AMPLIO Y SE SIENTE TRANQUILO.!!!
120,Casa Sazon,3,El ambiente del lugar es delicioso y muy acogedor. El mesero explicó el menu con paciencia y fue cortés. La música estaba demasiado alta para conversar. El ambiente era regular por el ruido de la calle. El ambiente del lugar es muy bueno y muy acogedor. La música estaba demasiado alta para conversar. La música acompaña sin tapar la conversacion.
121,Vegan Island,5,La presentacion del plato acompaña el sabor. Pedimos la carne y quedo en su punto exacto. Nos ubicaron en la mesa apenas llegamos. La sazon de la casa es lo mejor del menu. Nos atendieron rapido y con amabilidad.
122,El Pirata del Sabor Vegano,4,La promocion que anuncian no aplicaba al pagar. El precio de la carta me parecio regular para lo que sirven. Es un lugar economico para el tamaño de las porciones. El valor de los platos esta por debajo del promedio de la zona. La cuenta salió cara y la factura traia cobros que no pedimos. La cuenta fue economica y el valor esta justificado. El valor de los platos esta por debajo del promedio de la zona. El precio de la carta me parecio regular para lo que sirven. El descuento del dia deja la cuenta muy barata.
123,La Verdura Inquieta,4,"El valor de los platos esta por debajo del promedio de la zona. La sazón de la casa es lo mejor del menu. Pedimos la carne y quedó en su punto exacto. El plato principal llegó bien preparado y con una sazón excelente. La porción fue pequena para lo que ofrece el menu. Los ingredientes no se sentian frescos. Vale 25 mil, ojo con eso."
124,La Verdura Inquieta,3,Es un lugar económico para el tamaño de las porciones. Nos cobraron un valor distinto al de la carta. El servicio fue correcto y el mesero muy atento. Habia mucho ruido y el espacio mal ventilado.
125,Vegan Island,3,El precio de la carta me parecio mal para lo que sirven. Habia mucho ruido y el espacio mal ventilado. La terraza estaba cerrada y no avisaron. Pagar aqui se siente razonable por lo que sirven. El lugar estaba limpio y las sillas comodas. La decoración y la luz hacen agradable el espacio.
126,La Verdura Inquieta,3,El personal es amable y resuelve cualquier duda. El menu tiene variedad y cada plato mantiene la calidad. La espera para que tomaran el pedido fue larga. Pusimos un reclamo y nadie respondió. El mesero se equivocó con el pedido de la mesa. Nos ubicaron en la mesa apenas llegamos. La espera para que tomaran el pedido fue larga.
127,Vegan Island,4,El menu tiene variedad y cada plato mantiene la calidad. El sabor no corresponde a lo que promete la carta. La sazón de la casa es lo mejor del menu. El sabor no corresponde a lo que promete la carta. El menu tiene variedad y cada plato mantiene la calidad. Nos cobraron un valor distinto al de la carta. Pedimos la carne y quedó en su punto exacto.!!!
128,Mercado 93,4,Los ingredientes no se sentian frescos. La presentación del plato acompaña el sabor. La terraza tiene una vista bonita para la tarde.
129,La Terraza del Chico,3,ES UN LUGAR ECONÓMICO PARA EL TAMAÑO DE LAS PORCIONES. EL MESERO EXPLICÓ EL MENU CON PACIENCIA Y FUE CORTES. EL PERSONAL NO ESTABA PENDIENTE DE LAS MESAS. TIENEN PRESIOS CLAROS Y LA FACTURA LLEGA DETALLADA.
130,Casa Sazon,4,"El mesero reviso el pedido antes de traerlo. El personal es amable y resuelve cualquier duda. El mesero explicó el menu con paciencia y fue cortés. El personal no estaba pendiente de las mesas. La atencion hizo la diferencia en la visita. El mesero explicó el menu con paciencia y fue cortés. El mesero reviso el pedido antes de traerlo. El servicio fue muy bueno y el mesero muy atento. La atencion en la mesa estuvo pendiente todo el tiempo. Vale 60 mil, ojo con eso."
131,Muuu Said the Happy Cow,3,La comida llego fria y sin sabor. El lugar se sentia estrecho y las sillas incomodas. La música acompaña sin tapar la conversacion. El lugar estaba limpio y las sillas comodas. La comida estuvo delicioso y el sabor de los platos me sorprendió. El sitio no estaba limpio cuando llegamos. El lugar se sentia estrecho y las sillas incomodas. Habia mucho ruido y el espacio mal ventilado. El ambiente del lugar es correcto y muy acogedor. Llamen al 601 555 1234 antes de ir.
132,Vegan Island,5,Tienen precios claros y la factura llega detallada. El plato principal llegó bien preparado y con una sazon correcto. El precio es delicioso para la calidad que ofrecen. Pagamos mucho por una porcion pequena. Los precios subieron y ya no es economico. La presentación del plato acompaña el sabor. La comida estuvo delicioso y el sabor de los platos me sorprendió. Cobran la propina sin avisar y el valor final sube. El precio de la carta me parecio pésimo para lo que sirven.
133,La Verdura Inquieta,3,Habia mucho ruido y el espacio mal ventilado. La terraza tiene una vista bonita para la tarde. El servicio fue excelente y el mesero muy atento.
134,Paul's Mcarne Feast Palace,3,La música estaba demasiado alta para conversar. Las mesas están bien separadas y el sitio es silencioso. La música estaba demasiado alta para conversar. El lugar se sentia estrecho y las sillas incomodas. Pagar aqui se siente razonable por lo que sirven. El costo no corresponde con la calidad. La espera para que tomaran el pedido fue larga. Tienen precios claros y la factura llega detallada. Los precios subieron y ya no es economico. Mas fotos en ana.mesa+resenas@gmail.com.
135,El Pirata del Sabor Vegano,2,La porción fue pequena para lo que ofrece el menu. La terraza estaba cerrada y no avisaron. Pedimos verduras y llegaron recalentadas. El costo no corresponde con la calidad. La cuenta fue de $9.800.
136,Casa Sazon,4,La porción fue pequena para lo que ofrece el menu. Pusimos un reclamo y nadie respondió. La presentación del plato acompaña el sabor. Los ingredientes se sentian frescos y la porción generosa. Probamos el plato picante y el sabor era intenso pero equilibrado. Los ingredientes se sentian frescos y la porción generosa. La comida estuvo excelente y el sabor de los platos me sorprendio.
137,La Verdura Inquieta,3,El lugar se sentia estrecho y las sillas incomodas. La música acompana sin tapar la conversacion. El anbiente era pesimo por el ruido de la calle. El espacio es amplio y se siente tranquilo. El espacio es amplio y se siente tranquilo. El lugar estaba limpio y las sillas comodas. El lugar estaba limpio y las sillas comodas. Escribanme a ana.mesa+resenas@gmail.com si quieren la foto.
138,Paul's Mcarne Feast Palace,4,Los precios subieron y ya no es económico. Manejan una promocion de almuerzo que vale la pena. El ambiente del lugar es delicioso y muy acogedor. Nos cobraron un valor distinto al de la carta. El precio es excelente para la calidad que ofrecen. La cuenta salió cara y la factura traia cobros que no pedimos. El valor de los platos esta por debajo del promedio de la zona. Las mesas están bien separadas y el sitio es silencioso. Las mesas están bien separadas y el sitio es silencioso.
139,La Terraza del Chico,5,El precio es notable para la calidad que ofrecen. El precio de la carta me parecio deficiente para lo que sirven. La música estaba demasiado alta para conversar. El lugar estaba limpio y las sillas comodas.
140,El Pirata del Sabor Vegano,5,La terraza tiene una vista bonita para la tarde. Nos ubicaron en la mesa apenas llegamos. Las verduras estaban frescas y bien condimentadas. Manejan una promocion de almuerzo que vale la pena.
141,La Terraza del Chico,2,El sitio no estaba limpio cuando llegamos. Los presios subieron y ya no es económico. La terraza tiene una vista bonita para la tarde. La decoración esta descuidada y la luz muy fuerte. La terraza tiene una vista bonita para la tarde.
142,La Verdura Inquieta,4,El valor de los platos esta por debajo del promedio de la zona. El sitio no estaba limpio cuando llegamos. Tienen presios claros y la factura llega detallada. La iluminacion del salon es cálida. Es un lugar económico para el tamano de las porciones.
143,La Verdura Inquieta,5,El precio es delicioso para la calidad que ofrecen. El valor de los platos esta por debajo del promedio de la zona. Tienen precios claros y la factura llega detallada.
144,La Verdura Inquieta,5,NOS COBRARON UN VALOR DISTINTO AL DE LA CARTA. EL MENU TIENE VARIEDAD Y CADA PLATO MANTIENE LA CALIDAD. EL POSTRE CERRO LA COMIDA DE FORMA NOTABLE.
145,Paul's Mcarne Feast Palace,5,Tienen precios claros y la factura llega detallada. El mesero reviso el pedido antes de traerlo. El personal es amable y resuelve cualquier duda. El valor de los platos esta por debajo del promedio de la zona. El mesero se equivocó con el pedido de la mesa. Las mesas estan bien separadas y el sitio es silencioso. El personal no estaba pendiente de las mesas. La atencion fue distante y poco cortés. La atencion en la mesa estuvo pendiente todo el tiempo.
146,El Pirata del Sabor Vegano,4,El lugar se sentia estrecho y las sillas incomodas. La música estaba demasiado alta para conversar. Las mesas estan bien separadas y el sitio es silencioso. La música estaba demasiado alta para conversar. El espacio es amplio y se siente tranquilo. El sitio no estaba limpio cuando llegamos. El espacio es amplio y se siente tranquilo. Escribanme a ana.mesa+resenas@gmail.com si quieren la foto.
147,Muuu Said the Happy Cow,3,Pedimos la carne y quedó en su punto exacto. La decoración y la luz hacen agradable el espacio. La decoración y la luz hacen agradable el espacio. El lugar se sentia estrecho y las sillas incomodas. El sitio no estaba limpio cuando llegamos. La música estaba demasiado alta para conversar. El sitio no estaba limpio cuando llegamos. La música acompaña sin tapar la conversacion. Pagamos $9.800 en total.
148,Vegan Island,3,El plato principal llego bien preparado y con una sazón correcto. Pagamos mucho por una porción pequena. La sazón de la casa es lo mejor del menu. La comida llego fria y sin sabor. Pagamos $76.400 en total.
149,Casa Sazon,3,El mesero reviso el pedido antes de traerlo. El mesero explicó el menu con paciencia y fue cortés. El personal no estaba pendiente de las mesas. Esperamos mucho tiempo por la cuenta. Esperamos mucho tiempo por la cuenta. La sazón de la casa es lo mejor del menu.!!!
150,Mercado 93,4,El descuento del dia deja la cuenta muy barata. El valor de los platos esta por debajo del promedio de la zona. La música acompana sin tapar la conversacion. Manejan una promocion de almuerzo que vale la pena. El precio de la carta me parecio pesimo para lo que sirven. El valor de los platos esta por debajo del promedio de la zona. El ambiente era regular por el ruido de la calle. La cuenta fue de $120.000.!!!
151,Paul's Mcarne Feast Palace,2,Esperamos mucho tiempo por la cuenta. La atención en la mesa estuvo pendiente todo el tiempo. La espera para que tomaran el pedido fue larga. La sazón del plato quedó desbalanceada y demasiado salada.!!!
152,Mercado 93,4,El lugar estaba limpio y las sillas comodas. Las mesas están bien separadas y el sitio es silencioso. La música estaba demasiado alta para conversar. Habia mucho ruido y el espacio mal ventilado. Llamen al 310 555 12 34 antes de ir.
153,Vegan Island,4,El servicio fue muy bueno y el mesero muy atento. La cuenta fue economica y el valor esta justificado. La cuenta fue economica y el valor esta justificado. Nos cobraron un valor distinto al de la carta. Pagar aqui se siente razonable por lo que sirven. La promocion que anuncian no aplicaba al pagar. La sazón de la casa es lo mejor del menu. Escribanme a quejas@laterraza.com si quieren la foto.
154,Mercado 93,2,La atención hizo la diferencia en la visita. El plato venia mal preparado y la carne seca. La espera para que tomaran el pedido fue larga. El ambiente era pésimo por el ruido de la calle.!!!
155,Paul's Mcarne Feast Palace,2,El lugar se sentia estrecho y las sillas incomodas. La terraza estaba cerrada y no avisaron. La decoración esta descuidada y la luz muy fuerte. El espacio es amplio y se siente tranquilo. El anbiente era pésimo por el ruido de la calle.
156,Vegan Island,4,El precio es delicioso para la calidad que ofrecen. El lugar estaba limpio y las sillas comodas. El precio es delicioso para la calidad que ofrecen. La terraza estaba cerrada y no avisaron. Nos cobraron un valor distinto al de la carta. La cuenta fue de $120.000.
157,Vegan Island,4,El ambiente del lugar es notable y muy acogedor. La decoracion y la luz hacen agradable el espacio. Manejan una promocion de almuerzo que vale la pena. La terraza estaba cerrada y no avisaron. El valor de los platos esta por debajo del promedio de la zona. La música estaba demasiado alta para conversar. El ambiente del lugar es notable y muy acogedor. El sitio no estaba limpio cuando llegamos.
158,Paul's Mcarne Feast Palace,4,Hubo demora en la cocina y nadie nos aviso. Pedimos la carne y quedó en su punto exacto. La atención en la mesa estuvo pendiente todo el tiempo. La porción fue pequena para lo que ofrece el menu. La sazón de la casa es lo mejor del menu. La comida llego fria y sin sabor. El postre cerro la comida de forma correcto. El valor de los platos esta por debajo del promedio de la zona.
159,Muuu Said the Happy Cow,3,El sitio no estaba limpio cuando llegamos. Las mesas están bien separadas y el sitio es silencioso. Nos atendieron rápido y con amabilidad. El sitio no estaba limpio cuando llegamos. Las mesas están bien separadas y el sitio es silencioso. El lugar se sentia estrecho y las sillas incomodas. Escribanme a info@mercado93.co si quieren la foto.
160,Casa Sazon,4,El postre estaba mal y sin gracia. El menu tiene variedad y cada plato mantiene la calidad. Los ingredientes se sentian frescos y la porción generosa. La comida estuvo excelente y el sabor de los platos me sorprendió.
161,Muuu Said the Happy Cow,3,La decoración esta descuidada y la luz muy fuerte. Pusimos un reclamo y nadie respondió. Pusimos un reclamo y nadie respondió. La música estaba demasiado alta para conversar. Nos ubicaron en la mesa apenas llegamos. El mesero explicó el menu con paciencia y fue cortés. La espera para que tomaran el pedido fue larga.
162,Casa Sazon,3,Pedimos verduras y llegaron recalentadas. Nos ubicaron en la mesa apenas llegamos. El postre estaba mal y sin gracia. Esperamos mucho tiempo por la cuenta. El mesero explico el menu con paciencia y fue cortés. La sazón del plato quedo desbalanceada y demasiado salada. El personal es amable y resuelve cualquier duda.
163,Casa Sazon,3,Tienen precios claros y la factura llega detallada. La cuenta fue economica y el valor esta justificado. Pagamos mucho por una porción pequena. El costo no corresponde con la calidad. Los precios subieron y ya no es económico. Tienen precios claros y la factura llega detallada. El descuento del dia deja la cuenta muy barata. Nos cobraron un valor distinto al de la carta.
164,El Pirata del Sabor Vegano,3,El plato principal llegó bien preparado y con una sazon excelente. El plato principal llegó bien preparado y con una sazon delicioso. El postre estaba mal y sin gracia. La sazon del plato quedó desbalanceada y demasiado salada. El sabor no corresponde a lo que promete la carta. Llamen al 310 555 12 34 antes de ir.
165,Vegan Island,4,Nos ubicaron en la mesa apenas llegamos. La atención en la mesa estuvo pendiente todo el tiempo. Pagamos mucho por una porción pequena. La comida llegó fria y sin sabor. La atención fue distante y poco cortés. Manejan una promocion de almuerzo que vale la pena. El descuento del dia deja la cuenta muy barata. Pagamos mucho por una porción pequena.!!!
166,Muuu Said the Happy Cow,4,El mesero explicó el menu con paciencia y fue cortés. Tomaron el pedido rápido y llegó sin errores. Hubo demora en la cocina y nadie nos aviso. Tomaron el pedido rápido y llegó sin errores.
167,Vegan Island,3,La cuenta fue economica y el valor esta justificado. Cobran la propina sin avisar y el valor final sube. Hubo demora en la cocina y nadie nos aviso. La cuenta fue de $18.900.
168,La Verdura Inquieta,3,Las verduras estaban frescas y bien condimentadas. El postre cerro la comida de forma correcto. La sazón del plato quedo desbalanceada y demasiado salada. Pedimos verduras y llegaron recalentadas. Llamen al 601 555 1234 antes de ir.
169,Muuu Said the Happy Cow,5,Pagar aqui se siente razonable por lo que sirven. El ambiente del lugar es correcto y muy acogedor. El menu tiene variedad y cada plato mantiene la calidad. El mesero se equivoco con el pedido de la mesa. El mesero reviso el pedido antes de traerlo.
170,La Verdura Inquieta,5,Nos cobraron un valor distinto al de la carta. Los ingredientes se sentian frescos y la porción generosa. La decoracion y la luz hacen agradable el espacio.!!!
171,Casa Sazon,3,El ambiente del lugar es muy bueno y muy acogedor. La terraza tiene una vista bonita para la tarde. El ambiente era flojo por el ruido de la calle. Esperamos mucho tiempo por la cuenta. El personal es amable y resuelve cualquier duda. El zervicio fue deficiente y tuvimos que llamar varias veces. La atención fue distante y poco cortés. La atención hizo la diferencia en la visita.
172,Vegan Island,4,Probamos el plato picante y el sabor era intenso pero equilibrado. El personal es amable y resuelve cualquier duda. Esperamos mucho tiempo por la cuenta. Pusimos un reclamo y nadie respondió. El costo no corresponde con la calidad. La atención hizo la diferencia en la visita. Pusimos un reclamo y nadie respondió. La atención en la mesa estuvo pendiente todo el tiempo. La atención en la mesa estuvo pendiente todo el tiempo. Llamen al 3105551234 antes de ir.
173,La Verdura Inquieta,4,La presentación del plato acompaña el sabor. La sazón del plato quedó desbalanceada y demasiado salada. La comida estuvo delicioso y el sabor de los platos me sorprendió. Los ingredientes se sentian frescos y la porción generosa. Las verduras estaban frescas y bien condimentadas. La comida estuvo excelente y el sabor de los platos me sorprendió. El menu tiene variedad y cada plato mantiene la calidad.
174,Mercado 93,4,EL MESERO SE EQUIVOCÓ CON EL PEDIDO DE LA MESA. EL PERSONAL NO ESTABA PENDIENTE DE LAS MESAS. EL MESERO REVISO EL PEDIDO ANTES DE TRAERLO. RESERVAS AL 310 555 12 34.
175,La Verdura Inquieta,4,El sabor no corresponde a lo que promete la carta. El postre estaba deficiente y sin gracia. Probamos el plato picante y el sabor era intenso pero equilibrado. Nos ubicaron en la mesa apenas llegamos. Las mesas están bien separadas y el sitio es silencioso. Nos atendieron rápido y con amabilidad. El mesero se equivocó con el pedido de la mesa. La comida llegó fria y sin sabor. Los ingredientes no se sentian frescos.!!!
176,La Terraza del Chico,2,Hubo demora en la cocina y nadie nos aviso. El ambiente era mal por el ruido de la calle. El ambiente del lugar es correcto y muy acogedor. Pusimos un reclamo y nadie respondió. Pusimos un reclamo y nadie respondió. El mesero reviso el pedido antes de traerlo. El personal no estaba pendiente de las mesas. El ambiente del lugar es correcto y muy acogedor.
177,Paul's Mcarne Feast Palace,4,La atención en la mesa estuvo pendiente todo el tiempo. El mesero reviso el pedido antes de traerlo. Las verduras estaban frescas y bien condimentadas. Nos ubicaron en la mesa apenas llegamos. La sazón de la casa es lo mejor del menu. Hubo demora en la cocina y nadie nos aviso. El postre cerro la comida de forma correcto.
178,La Verdura Inquieta,4,Tienen precios claros y la factura llega detallada. Nos cobraron un valor distinto al de la carta. Pedimos verduras y llegaron recalentadas. Manejan una promocion de almuerzo que vale la pena. El descuento del dia deja la cuenta muy barata. La cuenta salió cara y la factura traia cobros que no pedimos. Escribanme a info@mercado93.co si quieren la foto.
179,Casa Sazon,3,La comida llegó fria y sin sabor. El menu tiene variedad y cada plato mantiene la calidad. La sazón del plato quedó desbalanceada y demasiado salada. El menu tiene variedad y cada plato mantiene la calidad. El espacio es amplio y se siente tranquilo. El sabor no corresponde a lo que promete la carta.
180,Casa Sazon,4,EL PERSONAL ES AMABLE Y RESUELVE CUALQUIER DUDA. EL PERSONAL NO ESTABA PENDIENTE DE LAS MESAS. LA ATENCIÓN HIZO LA DIFERENCIA EN LA VISITA. EL PERSONAL NO ESTABA PENDIENTE DE LAS MESAS. EL MESERO EXPLICÓ EL MENU CON PACIENCIA Y FUE CORTÉS. PEDIMOS LA CARNE Y QUEDO EN SU PUNTO EXACTO. EL ZERVICIO FUE NOTABLE Y EL MESERO MUY ATENTO. PUSIMOS UN RECLAMO Y NADIE RESPONDIÓ. PAGAMOS $45.000 EN TOTAL.
181,La Terraza del Chico,3,La musica estaba demasiado alta para conversar. La terraza estaba cerrada y no avisaron. El lugar estaba limpio y las sillas comodas. El espacio es amplio y se siente tranquilo. Habia mucho ruido y el espacio mal ventilado. Las mesas estan bien separadas y el sitio es silencioso.
182,Casa Sazon,4,Esperamos mucho tiempo por la cuenta. La musica acompana sin tapar la conversacion. El precio es delicioso para la calidad que ofrecen. La decoración y la luz hacen agradable el espacio. El lugar se sentia estrecho y las sillas incomodas. La decoración esta descuidada y la luz muy fuerte. El espacio es amplio y se siente tranquilo. El sitio no estaba limpio cuando llegamos. Hubo demora en la cocina y nadie nos aviso.
183,Paul's Mcarne Feast Palace,4,Manejan una promocion de almuerzo que vale la pena. El postre cerro la comida de forma deliciozo. La cuenta salió cara y la factura traia cobros que no pedimos. El plato venia mal preparado y la carne seca.
184,Casa Sazon,2,El plato venia flojo preparado y la carne seca. El personal no estaba pendiente de las mesas. La espera para que tomaran el pedido fue larga. El zervicio fue regular y tuvimos que llamar varias veces. Nos atendieron rápido y con amabilidad.
185,La Terraza del Chico,3,El menu tiene variedad y cada plato mantiene la calidad. La porción fue pequena para lo que ofrece el menu. El menu tiene variedad y cada plato mantiene la calidad. Los ingredientes se sentian frescos y la porción generosa. La presentacion del plato acompaña el sabor. La sazon del plato quedo desbalanceada y demasiado salada. El lugar estaba limpio y las sillas comodas. La comida estuvo excelente y el sabor de los platos me sorprendio. La porción fue pequena para lo que ofrece el menu.
186,Mercado 93,2,La comida llego fria y sin sabor. El sabor no corresponde a lo que promete la carta. La sazón del plato quedó desbalanceada y demasiado salada. El sitio no estaba limpio cuando llegamos. El postre estaba mal y sin gracia. Pedimos la carne y quedó en su punto exacto. Pedimos verduras y llegaron recalentadas. La sazón de la casa es lo mejor del menu.
187,El Pirata del Sabor Vegano,4,El postre estaba deficiente y sin gracia. El menu tiene variedad y cada plato mantiene la calidad. El descuento del dia deja la cuenta muy barata. El plato principal llegó bien preparado y con una sazón muy bueno. El plato venia pésimo preparado y la carne seca. Cobran la propina sin avisar y el valor final sube.
188,Muuu Said the Happy Cow,5,Tomaron el pedido rápido y llego sin errores. La atención hizo la diferencia en la visita. Hubo demora en la cocina y nadie nos aviso. El mesero explico el menu con paciencia y fue cortés.
189,Muuu Said the Happy Cow,3,Nos cobraron un valor distinto al de la carta. Tienen precios claros y la factura llega detallada. El costo no corresponde con la calidad. Pagamos mucho por una porción pequena. Es un lugar económico para el tamano de las porciones. Manejan una promocion de almuerzo que vale la pena.
190,El Pirata del Sabor Vegano,5,La terraza tiene una vista bonita para la tarde. Tomaron el pedido rapido y llegó sin errores. El personal es amable y resuelve cualquier duda. El mesero reviso el pedido antes de traerlo. La promocion que anuncian no aplicaba al pagar. El valor de los platos esta por debajo del promedio de la zona. El mesero reviso el pedido antes de traerlo. Reservas al 310 555 12 34.!!!
191,La Verdura Inquieta,4,La comida llegó fria y sin sabor. El mesero se equivocó con el pedido de la mesa. Nos atendieron rapido y con amabilidad. El zervicio fue regular y tuvimos que llamar varias veces. El plato principal llegó bien preparado y con una sazón correcto. El espacio es amplio y se siente tranquilo. Los ingredientes no se sentian frescos.
192,Muuu Said the Happy Cow,2,Los precios subieron y ya no es economico. La espera para que tomaran el pedido fue larga. El zervicio fue flojo y tuvimos que llamar varias veces. La atencion fue distante y poco cortés. El precio es notable para la calidad que ofrecen. El servicio fue muy bueno y el mesero muy atento. Reservas al 6012345678.
193,Vegan Island,5,El espacio es amplio y se siente tranquilo. Nos cobraron un valor distinto al de la carta. El precio de la carta me parecio deficiente para lo que sirven.
194,El Pirata del Sabor Vegano,3,El precio es delicioso para la calidad que ofrecen. Pagamos mucho por una porcion pequena. La sazón del plato quedó desbalanceada y demasiado salada. La sazón de la casa es lo mejor del menu. La comida llegó fria y sin sabor. El costo no corresponde con la calidad.
195,La Verdura Inquieta,4,"La terraza tiene una vista bonita para la tarde. Nos ubicaron en la mesa apenas llegamos. Esperamos mucho tiempo por la cuenta. El mesero explico el menu con paciencia y fue cortés. Habia mucho ruido y el espacio mal ventilado. Vale 25 mil, ojo con eso."
196,Vegan Island,2,El descuento del dia deja la cuenta muy barata. Pusimos un reclamo y nadie respondió. La espera para que tomaran el pedido fue larga. Pusimos un reclamo y nadie respondió. Manejan una promocion de almuerzo que vale la pena. La atención hizo la diferencia en la visita. El mesero reviso el pedido antes de traerlo. El servicio fue mal y tuvimos que llamar varias veces.
197,Casa Sazon,5,Probamos el plato picante y el sabor era intenso pero equilibrado. El plato principal llego bien preparado y con una sazón muy bueno. Probamos el plato picante y el sabor era intenso pero equilibrado. Llamen al 3105551234 antes de ir.
198,La Verdura Inquieta,5,El lugar estaba limpio y las sillas comodas. La decoracion esta descuidada y la luz muy fuerte. La terraza estaba cerrada y no avisaron. El mesero reviso el pedido antes de traerlo. La musica estaba demasiado alta para conversar. La decoracion y la luz hacen agradable el espacio.
199,Muuu Said the Happy Cow,4,La decoración y la luz hacen agradable el espacio. Pedimos verduras y llegaron recalentadas. Pedimos la carne y quedó en su punto exacto. El plato venia mal preparado y la carne seca. La música estaba demasiado alta para conversar. El postre estaba deficiente y sin gracia. El sitio no estaba limpio cuando llegamos. La atención hizo la diferencia en la visita. El menu tiene variedad y cada plato mantiene la calidad.
200,Mercado 93,3,El ambiente era regular por el ruido de la calle. La terraza tiene una vista bonita para la tarde. El ambiente del lugar es muy bueno y muy acogedor. La sazón de la casa es lo mejor del menu.
201,Vegan Island,4,El lugar se sentia estrecho y las sillas incomodas. La atención hizo la diferencia en la visita. La iluminación del salon es cálida. El ambiente del lugar es correcto y muy acogedor. El ambiente del lugar es notable y muy acogedor. Las mesas están bien separadas y el sitio es silencioso. La música estaba demasiado alta para conversar.
202,La Terraza del Chico,4,El precio de la carta me parecio pésimo para lo que sirven. Tienen precios claros y la factura llega detallada. La atencion en la mesa estuvo pendiente todo el tiempo. El descuento del dia deja la cuenta muy barata. La promocion que anuncian no aplicaba al pagar. El descuento del dia deja la cuenta muy barata. Tienen precios claros y la factura llega detallada. El zervicio fue muy bueno y el mesero muy atento. Llamen al 320 444 9911 antes de ir.
203,Paul's Mcarne Feast Palace,4,El menu tiene variedad y cada plato mantiene la calidad. La comida estuvo delicioso y el sabor de los platos me sorprendió. Las verduras estaban frescas y bien condimentadas. La presentación del plato acompaña el sabor. El ambiente era mal por el ruido de la calle. Pedimos verduras y llegaron recalentadas. La presentación del plato acompaña el sabor.
204,Vegan Island,2,La espera para que tomaran el pedido fue larga. La espera para que tomaran el pedido fue larga. El mesero reviso el pedido antes de traerlo. La atención hizo la diferencia en la visita. El precio es delicioso para la calidad que ofrecen. Los precios subieron y ya no es economico.
205,Casa Sazon,3,Pusimos un reclamo y nadie respondió. Pusimos un reclamo y nadie respondió. La atención hizo la diferencia en la visita. El servicio fue deficiente y tuvimos que llamar varias veces.
206,Vegan Island,3,EL COSTO NO CORRESPONDE CON LA CALIDAD. LA CUENTA SALIÓ CARA Y LA FACTURA TRAIA COBROS QUE NO PEDIMOS. LAS VERDURAS ESTABAN FRESCAS Y BIEN CONDIMENTADAS. HABIA MUCHO RUIDO Y EL ESPACIO MAL VENTILADO. HABIA MUCHO RUIDO Y EL ESPACIO MAL VENTILADO. TIENEN PRESIOS CLAROS Y LA FACTURA LLEGA DETALLADA. LA CUENTA FUE ECONOMICA Y EL VALOR ESTA JUSTIFICADO. LA CUENTA FUE ECONOMICA Y EL VALOR ESTA JUSTIFICADO. LOS PRECIOS SUBIERON Y YA NO ES ECONOMICO. LLAMEN AL 601 555 1234 ANTES DE IR.
207,La Terraza del Chico,5,Probamos el plato picante y el sabor era intenso pero equilibrado. Nos ubicaron en la mesa apenas llegamos. El menu tiene variedad y cada plato mantiene la calidad. La atención en la mesa estuvo pendiente todo el tiempo. La cuenta fue de $76.400.
208,Muuu Said the Happy Cow,4,Nos ubicaron en la mesa apenas llegamos. Nos atendieron rapido y con amabilidad. La atención en la mesa estuvo pendiente todo el tiempo. El personal es amable y resuelve cualquier duda. El precio es excelente para la calidad que ofrecen. Esperamos mucho tiempo por la cuenta. La atención en la mesa estuvo pendiente todo el tiempo. Nos atendieron rapido y con amabilidad. Llamen al 3105551234 antes de ir.
209,Vegan Island,3,La música acompaña sin tapar la conversacion. El mesero se equivocó con el pedido de la mesa. Pusimos un reclamo y nadie respondió. El personal no estaba pendiente de las mesas.
210,Vegan Island,5,El precio es notable para la calidad que ofrecen. El mesero explicó el menu con paciencia y fue cortes. El descuento del dia deja la cuenta muy barata. La atención fue distante y poco cortes. Nos cobraron un valor distinto al de la carta. El personal no estaba pendiente de las mesas. La atención fue distante y poco cortes. Reservas al 601 555 1234.
211,Paul's Mcarne Feast Palace,3,Nos ubicaron en la mesa apenas llegamos. El precio de la carta me parecio mal para lo que sirven. La decoración esta descuidada y la luz muy fuerte. El personal es amable y resuelve cualquier duda.
212,La Terraza del Chico,3,El menu tiene variedad y cada plato mantiene la calidad. Habia mucho ruido y el espacio mal ventilado. El lugar se sentia estrecho y las sillas incomodas. El menu tiene variedad y cada plato mantiene la calidad. El servicio fue deficiente y tuvimos que llamar varias veces. Esperamos mucho tiempo por la cuenta. Las verduras estaban frescas y bien condimentadas. Escribanme a contacto@resto.co si quieren la foto.
213,Muuu Said the Happy Cow,3,La iluminacion del salon es cálida. El precio es notable para la calidad que ofrecen. La cuenta salio cara y la factura traia cobros que no pedimos. El ambiente del lugar es muy bueno y muy acogedor. El ambiente del lugar es delicioso y muy acogedor. La terraza tiene una vista bonita para la tarde. Habia mucho ruido y el espacio mal ventilado. La iluminacion del salon es cálida. La música estaba demasiado alta para conversar.!!!
214,Mercado 93,4,El costo no corresponde con la calidad. El mesero se equivocó con el pedido de la mesa. La cuenta fue economica y el valor esta justificado. Pagamos mucho por una porción pequena. El lugar estaba limpio y las sillas comodas. Pagar aqui se siente razonable por lo que sirven. Pagar aqui se siente razonable por lo que sirven. El costo no corresponde con la calidad.
215,La Verdura Inquieta,1,La promocion que anuncian no aplicaba al pagar. El personal no estaba pendiente de las mesas. El lugar se sentia estrecho y las sillas incomodas.
216,La Terraza del Chico,2,El postre estaba pésimo y sin gracia. El sabor no corresponde a lo que promete la carta. Nos ubicaron en la mesa apenas llegamos. El plato principal llegó bien preparado y con una sazón correcto. Pedimos verduras y llegaron recalentadas. La porcion fue pequena para lo que ofrece el menu.
217,Casa Sazon,2,El plato venia deficiente preparado y la carne seca. La porcion fue pequena para lo que ofrece el menu. Pedimos verduras y llegaron recalentadas. La comida estuvo excelente y el sabor de los platos me sorprendió.
218,El Pirata del Sabor Vegano,4,El lugar estaba limpio y las sillas comodas. La música acompaña sin tapar la conversacion. La terraza tiene una vista bonita para la tarde. El ambiente del lugar es correcto y muy acogedor. El sitio no estaba limpio cuando llegamos. El lugar estaba limpio y las sillas comodas. El ambiente del lugar es deliciozo y muy acogedor.
219,Paul's Mcarne Feast Palace,4,La atención hizo la diferencia en la visita. Pusimos un reclamo y nadie respondio. El mesero se equivocó con el pedido de la mesa. Hubo demora en la cocina y nadie nos aviso. Tomaron el pedido rápido y llego sin errores. Esperamos mucho tiempo por la cuenta. Los ingredientes se sentian frescos y la porción generosa. El postre estaba mal y sin gracia. El postre estaba regular y sin gracia. Escribanme a ana.mesa+resenas@gmail.com si quieren la foto.
220,Mercado 93,3,Probamos el plato picante y el sabor era intenso pero equilibrado. El mesero se equivocó con el pedido de la mesa. El mesero reviso el pedido antes de traerlo. El plato venia mal preparado y la carne seca.
221,Vegan Island,3,COBRAN LA PROPINA SIN AVISAR Y EL VALOR FINAL SUBE. LOS PRECIOS SUBIERON Y YA NO ES ECONÓMICO. LA ATENCIÓN HIZO LA DIFERENCIA EN LA VISITA. ESCRIBANME A INFO@MERCADO93.CO SI QUIEREN LA FOTO.
222,Vegan Island,4,PEDIMOS LA CARNE Y QUEDÓ EN SU PUNTO EXACTO. PROBAMOS EL PLATO PICANTE Y EL SABOR ERA INTENSO PERO EQUILIBRADO. EL PLATO VENIA FLOJO PREPARADO Y LA CARNE SECA. EL PLATO PRINCIPAL LLEGÓ BIEN PREPARADO Y CON UNA SAZÓN NOTABLE. ESCRIBANME A CONTACTO@RESTO.CO SI QUIEREN LA FOTO.
223,Mercado 93,4,El precio de la carta me parecio mal para lo que sirven. La promocion que anuncian no aplicaba al pagar. El espacio es amplio y se siente tranquilo. Nos cobraron un valor distinto al de la carta. El valor de los platos esta por debajo del promedio de la zona. Las verduras estaban frescas y bien condimentadas. El ambiente era pesimo por el ruido de la calle. Es un lugar económico para el tamaño de las porciones. Manejan una promocion de almuerzo que vale la pena. Escribanme a ana.mesa+resenas@gmail.com si quieren la foto.
224,Casa Sazon,2,Las mesas están bien separadas y el sitio es silencioso. Habia mucho ruido y el espacio mal ventilado. Habia mucho ruido y el espacio mal ventilado. La música acompaña sin tapar la conversacion. La música acompaña sin tapar la conversacion. El anbiente era regular por el ruido de la calle.
225,Vegan Island,4,La cuenta fue economica y el valor esta justificado. La promocion que anuncian no aplicaba al pagar. El costo no corresponde con la calidad. El precio de la carta me parecio flojo para lo que sirven.
226,El Pirata del Sabor Vegano,2,El sabor no corresponde a lo que promete la carta. El sitio no estaba limpio cuando llegamos. Pedimos verduras y llegaron recalentadas. El espacio es amplio y se siente tranquilo. Pagamos mucho por una porción pequena. Pedimos la carne y quedó en su punto exacto.
227,Mercado 93,1,Hubo demora en la cocina y nadie nos aviso. Pedimos la carne y quedó en su punto exacto. Los ingredientes no se sentian frescos. El servicio fue regular y tuvimos que llamar varias veces. Los ingredientes no se sentian frescos. La comida llegó fria y sin sabor.
228,Mercado 93,2,Es un lugar economico para el tamaño de las porciones. Es un lugar economico para el tamaño de las porciones. Los precios subieron y ya no es economico. Pagar aqui se siente razonable por lo que sirven. Los precios subieron y ya no es economico. El descuento del dia deja la cuenta muy barata. La decoración esta descuidada y la luz muy fuerte. Manejan una promocion de almuerzo que vale la pena. Pagamos $18.900 en total.
229,Paul's Mcarne Feast Palace,3,El plato venia pesimo preparado y la carne seca. La atención en la mesa estuvo pendiente todo el tiempo. La porción fue pequena para lo que ofrece el menu. La sazón del plato quedó desbalanceada y demasiado salada. El mesero se equivocó con el pedido de la mesa. Pusimos un reclamo y nadie respondio.
230,La Verdura Inquieta,4,El valor de los platos esta por debajo del promedio de la zona. Pagar aqui se siente razonable por lo que sirven. Pagar aqui se siente razonable por lo que sirven. Nos cobraron un valor distinto al de la carta. El precio es delicioso para la calidad que ofrecen. Nos cobraron un valor distinto al de la carta. El costo no corresponde con la calidad. Pagamos mucho por una porción pequena. Tienen precios claros y la factura llega detallada.!!!
231,Muuu Said the Happy Cow,5,"El precio es delicioso para la calidad que ofrecen. La cuenta fue economica y el valor esta justificado. El mesero se equivocó con el pedido de la mesa. Nos ubicaron en la mesa apenas llegamos. Vale 40 mil, ojo con eso."
232,Muuu Said the Happy Cow,2,Hubo demora en la cocina y nadie nos aviso. El personal no estaba pendiente de las mesas. El postre cerro la comida de forma correcto.
233,Paul's Mcarne Feast Palace,3,Manejan una promocion de almuerzo que vale la pena. El plato venia regular preparado y la carne seca. Pagamos mucho por una porción pequena. El valor de los platos esta por debajo del promedio de la zona. El descuento del dia deja la cuenta muy barata. Los precios subieron y ya no es económico.!!!
234,Mercado 93,5,El mesero reviso el pedido antes de traerlo. La cuenta fue economica y el valor esta justificado. Es un lugar económico para el tamaño de las porciones. La sazón de la casa es lo mejor del menu. El mesero reviso el pedido antes de traerlo. La atención fue distante y poco cortés. El menu tiene variedad y cada plato mantiene la calidad. El mesero se equivoco con el pedido de la mesa. Pedimos verduras y llegaron recalentadas. Reservas al 310 555 12 34.
235,Muuu Said the Happy Cow,5,LA SAZÓN DE LA CASA ES LO MEJOR DEL MENU. PROBAMOS EL PLATO PICANTE Y EL SABOR ERA INTENSO PERO EQUILIBRADO. LA COMIDA ESTUVO DELICIOSO Y EL SABOR DE LOS PLATOS ME SORPRENDIÓ. LAS MESAS ESTAN BIEN SEPARADAS Y EL SITIO ES SILENCIOSO.
236,Muuu Said the Happy Cow,4,Los ingredientes no se sentian frescos. La comida estuvo correcto y el sabor de los platos me sorprendió. La terraza tiene una vista bonita para la tarde. La presentación del plato acompana el sabor. La música estaba demasiado alta para conversar.
237,Vegan Island,2,El lugar se sentia estrecho y las sillas incomodas. Esperamos mucho tiempo por la cuenta. El precio de la carta me parecio mal para lo que sirven. La atención en la mesa estuvo pendiente todo el tiempo. El valor de los platos esta por debajo del promedio de la zona. Hubo demora en la cocina y nadie nos aviso. El personal no estaba pendiente de las mesas.
238,El Pirata del Sabor Vegano,4,La decoración y la luz hacen agradable el espacio. La decoración y la luz hacen agradable el espacio. Pusimos un reclamo y nadie respondio. La decoración y la luz hacen agradable el espacio. La música estaba demasiado alta para conversar. La decoración esta descuidada y la luz muy fuerte.
239,Muuu Said the Happy Cow,2,La espera para que tomaran el pedido fue larga. Es un lugar económico para el tamaño de las porciones. La atencion en la mesa estuvo pendiente todo el tiempo. Esperamos mucho tiempo por la cuenta. El mesero explicó el menu con paciencia y fue cortés. Nos ubicaron en la mesa apenas llegamos. Escribanme a quejas@laterraza.com si quieren la foto.
240,La Verdura Inquieta,5,La espera para que tomaran el pedido fue larga. El servicio fue correcto y el mesero muy atento. El personal es amable y resuelve cualquier duda. La música estaba demasiado alta para conversar. El mesero reviso el pedido antes de traerlo. El descuento del dia deja la cuenta muy barata. La cuenta fue de $18.900.
241,Vegan Island,5,LA ILUMINACIÓN DEL SALON ES CÁLIDA. EL LUGAR SE SENTIA ESTRECHO Y LAS SILLAS INCOMODAS. LA DECORACION Y LA LUZ HACEN AGRADABLE EL ESPACIO. LA DECORACION Y LA LUZ HACEN AGRADABLE EL ESPACIO.
242,Mercado 93,4,Tienen precios claros y la factura llega detallada. Pagamos mucho por una porcion pequena. La cuenta salió cara y la factura traia cobros que no pedimos. Es un lugar económico para el tamano de las porciones. El plato principal llegó bien preparado y con una sazón correcto. La musica estaba demasiado alta para conversar. La musica estaba demasiado alta para conversar. El valor de los platos esta por debajo del promedio de la zona. El precio de la carta me parecio mal para lo que sirven.
243,El Pirata del Sabor Vegano,3,Los ingredientes no se sentian frescos. El mesero se equivocó con el pedido de la mesa. El precio es muy bueno para la calidad que ofrecen. La terraza estaba cerrada y no avisaron. El plato venia flojo preparado y la carne seca. La terraza tiene una vista bonita para la tarde. Es un lugar económico para el tamaño de las porciones. El lugar se sentia estrecho y las sillas incomodas. Las mesas estan bien separadas y el sitio es silencioso.
244,Muuu Said the Happy Cow,5,El lugar se sentia estrecho y las sillas incomodas. La iluminación del salon es calida. El menu tiene variedad y cada plato mantiene la calidad. Los ingredientes se sentian frescos y la porción generosa. El menu tiene variedad y cada plato mantiene la calidad. Escribanme a reservas@casasazon.com.co si quieren la foto.
245,Muuu Said the Happy Cow,2,La comida llegó fria y sin sabor. El postre cerro la comida de forma excelente. Los ingredientes no se sentian frescos. Probamos el plato picante y el sabor era intenso pero equilibrado.
246,Muuu Said the Happy Cow,3,El postre estaba pesimo y sin gracia. La comnida estuvo muy bueno y el sabor de los platos me sorprendió. Probamos el plato picante y el sabor era intenso pero equilibrado. Pedimos la carne y quedó en su punto exacto. Los ingredientes no se sentian frescos. La sazón de la casa es lo mejor del menu. La presentación del plato acompaña el sabor. Pedimos verduras y llegaron recalentadas. El plato principal llegó bien preparado y con una sazón notable.!!!
247,Mercado 93,5,El descuento del dia deja la cuenta muy barata. El valor de los platos esta por debajo del promedio de la zona. Pagamos mucho por una porción pequena. El mesero se equivocó con el pedido de la mesa. Nos cobraron un valor distinto al de la carta. El precio es excelente para la calidad que ofrecen. Manejan una promocion de almuerzo que vale la pena.
248,La Verdura Inquieta,3,Las verduras estaban frescas y bien condimentadas. Pedimos verduras y llegaron recalentadas. Los ingredientes se sentian frescos y la porcion generosa. La musica estaba demasiado alta para conversar.
249,Vegan Island,3,El costo no corresponde con la calidad. Los presios subieron y ya no es económico. Nos cobraron un valor distinto al de la carta. Cobran la propina sin avisar y el valor final sube. El precio de la carta me parecio flojo para lo que sirven.
250,Mercado 93,5,El postre cerro la comida de forma notable. La cuenta fue economica y el valor esta justificado. La comida llego fria y sin sabor. Nos cobraron un valor distinto al de la carta. El descuento del dia deja la cuenta muy barata.!!!
251,Muuu Said the Happy Cow,4,El mesero explicó el menu con paciencia y fue cortes. La música estaba demasiado alta para conversar. El servicio fue flojo y tuvimos que llamar varias veces. La espera para que tomaran el pedido fue larga. Mas fotos en reservas@casasazon.com.co.
252,El Pirata del Sabor Vegano,4,Tomaron el pedido rápido y llegó sin errores. El mesero explicó el menu con paciencia y fue cortes. La atención fue distante y poco cortes. La atención hizo la diferencia en la visita. Tomaron el pedido rápido y llegó sin errores. El zervicio fue correcto y el mesero muy atento. El personal es amable y resuelve cualquier duda. La atención hizo la diferencia en la visita. Pedimos la carne y quedo en su punto exacto. Pagamos $9.800 en total.
253,Paul's Mcarne Feast Palace,3,El ambiente del lugar es muy bueno y muy acogedor. La atención hizo la diferencia en la visita. El personal no estaba pendiente de las mesas. El precio de la carta me parecio mal para lo que sirven.
254,Vegan Island,3,El precio es deliciozo para la calidad que ofrecen. El costo no corresponde con la calidad. Es un lugar económico para el tamano de las porciones. La iluminación del salon es cálida.
255,El Pirata del Sabor Vegano,2,Esperamos mucho tiempo por la cuenta. Esperamos mucho tiempo por la cuenta. Nos cobraron un valor distinto al de la carta. Es un lugar económico para el tamaño de las porciones. El valor de los platos esta por debajo del promedio de la zona. La promocion que anuncian no aplicaba al pagar. Pagamos $120.000 en total.
256,La Verdura Inquieta,3,Es un lugar económico para el tamano de las porciones. Pagar aqui se siente razonable por lo que sirven. Manejan una promocion de almuerzo que vale la pena. La música acompaña sin tapar la conversacion. Pagamos $18.900 en total.
257,Muuu Said the Happy Cow,3,Hubo demora en la cocina y nadie nos aviso. Pagar aqui se siente razonable por lo que sirven. El mesero reviso el pedido antes de traerlo. Nos atendieron rapido y con amabilidad.
258,La Terraza del Chico,4,El descuento del dia deja la cuenta muy barata. Los precios subieron y ya no es economico. El servicio fue correcto y el mesero muy atento.
259,El Pirata del Sabor Vegano,3,La cuenta fue economica y el valor esta justificado. El espacio es amplio y se siente tranquilo. La terraza estaba cerrada y no avisaron. La decoración y la luz hacen agradable el espacio. Los presios subieron y ya no es economico. El espacio es amplio y se siente tranquilo. La cuenta fue economica y el valor esta justificado. La cuenta salió cara y la factura traia cobros que no pedimos.
260,Mercado 93,5,Esperamos mucho tiempo por la cuenta. Las verduras estaban frescas y bien condimentadas. Manejan una promocion de almuerzo que vale la pena. El mesero explicó el menu con paciencia y fue cortes. El plato principal llegó bien preparado y con una sazon muy bueno.
261,Casa Sazon,4,Tomaron el pedido rápido y llegó sin errores. La cuenta salió cara y la factura traia cobros que no pedimos. Manejan una promocion de almuerzo que vale la pena. Cobran la propina sin avisar y el valor final sube.
262,El Pirata del Sabor Vegano,4,El lugar se sentia estrecho y las sillas incomodas. El precio de la carta me parecio pesimo para lo que sirven. Pagar aqui se siente razonable por lo que sirven. Nos cobraron un valor distinto al de la carta. Pagar aqui se siente razonable por lo que sirven. La iluminación del salon es calida. Los precios subieron y ya no es económico. El costo no corresponde con la calidad. Pagar aqui se siente razonable por lo que sirven.
263,Paul's Mcarne Feast Palace,3,La sazon del plato quedó desbalanceada y demasiado salada. Es un lugar económico para el tamaño de las porciones. El sabor no corresponde a lo que promete la carta. El postre cerro la comida de forma excelente. La presentación del plato acompaña el sabor.
264,La Verdura Inquieta,4,El costo no corresponde con la calidad. Los presios subieron y ya no es económico. La sazon de la casa es lo mejor del menu. El mesero reviso el pedido antes de traerlo. El descuento del dia deja la cuenta muy barata. La cuenta fue economica y el valor esta justificado. La promocion que anuncian no aplicaba al pagar.
265,Paul's Mcarne Feast Palace,2,El costo no corresponde con la calidad. La terraza estaba cerrada y no avisaron. El precio de la carta me parecio pésimo para lo que sirven. Tienen precios claros y la factura llega detallada. Mas fotos en info@mercado93.co.
266,Muuu Said the Happy Cow,5,El espacio es amplio y se siente tranquilo. La iluminacion del salon es calida. La iluminacion del salon es calida. La decoración y la luz hacen agradable el espacio. La terraza tiene una vista bonita para la tarde. El lugar se sentia estrecho y las sillas incomodas. El lugar estaba limpio y las sillas comodas.
267,Paul's Mcarne Feast Palace,4,El espacio es amplio y se siente tranquilo. El sabor no corresponde a lo que promete la carta. El mesero reviso el pedido antes de traerlo. Las verduras estaban frescas y bien condimentadas. El plato principal llegó bien preparado y con una sazón correcto.
268,Paul's Mcarne Feast Palace,5,Las mesas están bien separadas y el sitio es silencioso. El precio es correcto para la calidad que ofrecen. El precio es notable para la calidad que ofrecen.
269,El Pirata del Sabor Vegano,3,El lugar estaba limpio y las sillas comodas. El descuento del dia deja la cuenta muy barata. Esperamos mucho tiempo por la cuenta. La cuenta salio cara y la factura traia cobros que no pedimos. Tienen precios claros y la factura llega detallada. Habia mucho ruido y el espacio mal ventilado. Reservas al 320 444 9911.
270,Mercado 93,3,Los ingredientes se sentian frescos y la porción generosa. La porción fue pequena para lo que ofrece el menu. Los ingredientes se sentian frescos y la porción generosa. La sazón del plato quedó desbalanceada y demasiado salada. Probamos el plato picante y el sabor era intenso pero equilibrado. Pagamos $32.500 en total.
271,Vegan Island,3,La atención hizo la diferencia en la visita. La atención hizo la diferencia en la visita. El plato principal llegó bien preparado y con una sazón muy bueno. Nos ubicaron en la mesa apenas llegamos. La sazón del plato quedó desbalanceada y demasiado salada. Pusimos un reclamo y nadie respondió. El menu tiene variedad y cada plato mantiene la calidad. El servicio fue delicioso y el mesero muy atento.
272,La Verdura Inquieta,4,Tienen precios claros y la factura llega detallada. Manejan una promocion de almuerzo que vale la pena. Los precios subieron y ya no es económico. Tomaron el pedido rapido y llegó sin errores. La cuenta fue economica y el valor esta justificado. Cobran la propina sin avisar y el valor final sube. El valor de los platos esta por debajo del promedio de la zona. El valor de los platos esta por debajo del promedio de la zona.
273,Paul's Mcarne Feast Palace,2,La decoración esta descuidada y la luz muy fuerte. La decoración esta descuidada y la luz muy fuerte. La comida llego fria y sin sabor. El espacio es amplio y se siente tranquilo.
274,Casa Sazon,3,La cuenta salio cara y la factura traia cobros que no pedimos. El ambiente del lugar es excelente y muy acogedor. La decoración esta descuidada y la luz muy fuerte. El sitio no estaba limpio cuando llegamos. La musica estaba demasiado alta para conversar.
275,Mercado 93,2,El postre estaba deficiente y sin gracia. La comida estuvo deliciozo y el sabor de los platos me sorprendió. Pedimos la carne y quedó en su punto exacto. La atencion hizo la diferencia en la visita. Los ingredientes no se sentian frescos. El personal no estaba pendiente de las mesas.
276,El Pirata del Sabor Vegano,5,La atencion fue distante y poco cortés. El mesero se equivoco con el pedido de la mesa. El servicio fue flojo y tuvimos que llamar varias veces. El ambiente del lugar es notable y muy acogedor. La atencion hizo la diferencia en la visita. La musica acompaña sin tapar la conversacion. Nos ubicaron en la mesa apenas llegamos.
277,Muuu Said the Happy Cow,4,La porción fue pequena para lo que ofrece el menu. La musica estaba demasiado alta para conversar. La iluminación del salon es cálida. La terraza estaba cerrada y no avisaron.!!!
278,Paul's Mcarne Feast Palace,2,Esperamos mucho tiempo por la cuenta. Los ingredientes no se sentian frescos. La atencion fue distante y poco cortes. El plato venia mal preparado y la carne seca.
279,Mercado 93,5,Manejan una promocion de almuerzo que vale la pena. El servicio fue delicioso y el mesero muy atento. El mesero reviso el pedido antes de traerlo. El mesero explicó el menu con paciencia y fue cortés. Las mesas estan bien separadas y el sitio es silencioso. El mesero se equivocó con el pedido de la mesa. El mesero se equivocó con el pedido de la mesa.!!!
280,Muuu Said the Happy Cow,3,La espera para que tomaran el pedido fue larga. Tomaron el pedido rapido y llegó sin errores. Nos ubicaron en la mesa apenas llegamos. El servicio fue deficiente y tuvimos que llamar varias veces. La atención hizo la diferencia en la visita. El personal no estaba pendiente de las mesas. El servicio fue flojo y tuvimos que llamar varias veces.
281,La Terraza del Chico,3,La sazón del plato quedo desbalanceada y demasiado salada. Es un lugar económico para el tamaño de las porciones. El postre cerro la comida de forma muy bueno.
282,Paul's Mcarne Feast Palace,2,La terraza tiene una vista bonita para la tarde. El costo no corresponde con la calidad. El ambiente era regular por el ruido de la calle. Es un lugar económico para el tamaño de las porciones. Las mesas están bien separadas y el sitio es silencioso.
283,Mercado 93,2,La espera para que tomaran el pedido fue larga. El personal no estaba pendiente de las mesas. El servicio fue pésimo y tuvimos que llamar varias veces. El personal es amable y resuelve cualquier duda. El mesero explicó el menu con paciencia y fue cortes. El servicio fue pésimo y tuvimos que llamar varias veces. El servicio fue deficiente y tuvimos que llamar varias veces. El personal no estaba pendiente de las mesas. El personal no estaba pendiente de las mesas.
284,El Pirata del Sabor Vegano,3,Cobran la propina sin avisar y el valor final sube. Pusimos un reclamo y nadie respondió. Cobran la propina sin avisar y el valor final sube. Pedimos verduras y llegaron recalentadas. Los precios subieron y ya no es económico. Cobran la propina sin avisar y el valor final sube. El precio es delicioso para la calidad que ofrecen.
285,Muuu Said the Happy Cow,2,La comida estuvo notable y el sabor de los platos me sorprendió. El menu tiene variedad y cada plato mantiene la calidad. Los precios subieron y ya no es económico. La comida llego fria y sin sabor. El sabor no corresponde a lo que promete la carta. Pedimos verduras y llegaron recalentadas. El sabor no corresponde a lo que promete la carta. El postre estaba pesimo y sin gracia.
286,El Pirata del Sabor Vegano,3,El postre estaba deficiente y sin gracia. La terraza estaba cerrada y no avisaron. Las mesas están bien separadas y el sitio es silencioso. La música estaba demasiado alta para conversar. La decoración esta descuidada y la luz muy fuerte. La decoración esta descuidada y la luz muy fuerte.
287,Vegan Island,3,El servicio fue flojo y tuvimos que llamar varias veces. La espera para que tomaran el pedido fue larga. Nos atendieron rapido y con amabilidad. Tienen precios claros y la factura llega detallada. El personal no estaba pendiente de las mesas.!!!
288,Paul's Mcarne Feast Palace,5,El precio de la carta me parecio mal para lo que sirven. Las mesas están bien separadas y el sitio es silencioso. Manejan una promocion de almuerzo que vale la pena. Las mesas están bien separadas y el sitio es silencioso. Mas fotos en contacto@resto.co.
289,Mercado 93,4,El sitio no estaba limpio cuando llegamos. Cobran la propina sin avisar y el valor final sube. La música acompaña sin tapar la conversacion.!!!
290,Casa Sazon,3,La comida llegó fria y sin sabor. La decoración y la luz hacen agradable el espacio. El servicio fue notable y el mesero muy atento. El precio de la carta me parecio mal para lo que sirven. La cuenta fue de $18.900.
291,Paul's Mcarne Feast Palace,4,La cuenta fue economica y el valor esta justificado. Pagamos mucho por una porcion pequena. El precio de la carta me parecio deficiente para lo que sirven. El valor de los platos esta por debajo del promedio de la zona. Los precios subieron y ya no es economico. La iluminación del salon es cálida. Pagamos mucho por una porcion pequena.
292,La Terraza del Chico,3,"El servicio fue mal y tuvimos que llamar varias veces. La espera para que tomaran el pedido fue larga. Nos ubicaron en la mesa apenas llegamos. La cuenta fue economica y el valor esta justificado. Vale 25 mil, ojo con eso."
293,Paul's Mcarne Feast Palace,3,El plato principal llegó bien preparado y con una sazon delicioso. El mesero se equivocó con el pedido de la mesa. Hubo demora en la cocina y nadie nos aviso. El precio de la carta me parecio mal para lo que sirven. La cuenta salió cara y la factura traia cobros que no pedimos. La cuenta fue de $9.800.
294,Paul's Mcarne Feast Palace,4,La decoracion y la luz hacen agradable el espacio. La terraza estaba cerrada y no avisaron. La espera para que tomaran el pedido fue larga. La atención fue distante y poco cortés. La música acompaña sin tapar la conversacion. El lugar estaba limpio y las sillas comodas. El ambiente del lugar es deliciozo y muy acogedor.
295,La Terraza del Chico,2,Es un lugar economico para el tamaño de las porciones. Esperamos mucho tiempo por la cuenta. Tomaron el pedido rápido y llegó sin errores.!!!
296,Casa Sazon,5,El mesero reviso el pedido antes de traerlo. Los ingredientes se sentian frescos y la porción generosa. El descuento del dia deja la cuenta muy barata.!!!
297,Vegan Island,5,El mesero se equivoco con el pedido de la mesa. Nos atendieron rápido y con amabilidad. Nos atendieron rápido y con amabilidad. Tomaron el pedido rápido y llegó sin errores. Tomaron el pedido rápido y llegó sin errores.
298,El Pirata del Sabor Vegano,5,La terraza tiene una vista bonita para la tarde. El espacio es amplio y se siente tranquilo. Tomaron el pedido rápido y llegó sin errores. La musica acompaña sin tapar la conversacion.
299,El Pirata del Sabor Vegano,4,El mesero reviso el pedido antes de traerlo. Los ingredientes se sentian frescos y la porción generosa. La porción fue pequena para lo que ofrece el menu. Las verduras estaban frescas y bien condimentadas. Pagamos mucho por una porción pequena. Los ingredientes se sentian frescos y la porción generosa.
300,Paul's Mcarne Feast Palace,3,La música estaba demasiado alta para conversar. Las mesas están bien separadas y el sitio es silencioso. El personal es amable y resuelve cualquier duda. La terraza estaba cerrada y no avisaron. Tomaron el pedido rápido y llegó sin errores. Hubo demora en la cocina y nadie nos aviso. La atención hizo la diferencia en la visita. Escribanme a quejas@laterraza.com si quieren la foto.
301,Mercado 93,5,COBRAN LA PROPINA SIN AVISAR Y EL VALOR FINAL SUBE. COBRAN LA PROPINA SIN AVISAR Y EL VALOR FINAL SUBE. LA CUENTA FUE ECONOMICA Y EL VALOR ESTA JUSTIFICADO. MANEJAN UNA PROMOCION DE ALMUERZO QUE VALE LA PENA.
302,Vegan Island,4,La terraza tiene una vista bonita para la tarde. El mesero se equivocó con el pedido de la mesa. La sazón de la casa es lo mejor del menu. Probamos el plato picante y el sabor era intenso pero equilibrado. La iluminación del salon es cálida. La iluminación del salon es cálida. Habia mucho ruido y el espacio mal ventilado.
303,Muuu Said the Happy Cow,2,EL SABOR NO CORRESPONDE A LO QUE PROMETE LA CARTA. LA ATENCIÓN HIZO LA DIFERENCIA EN LA VISITA. EL SABOR NO CORRESPONDE A LO QUE PROMETE LA CARTA. LA COMIDA ESTUVO MUY BUENO Y EL SABOR DE LOS PLATOS ME SORPRENDIÓ.
304,Casa Sazon,3,El personal no estaba pendiente de las mesas. Tomaron el pedido rápido y llego sin errores. La atencion fue distante y poco cortés. Tomaron el pedido rápido y llego sin errores. Hubo demora en la cocina y nadie nos aviso.
305,El Pirata del Sabor Vegano,2,La terraza estaba cerrada y no avisaron. La promocion que anuncian no aplicaba al pagar. El lugar estaba limpio y las sillas comodas. El valor de los platos esta por debajo del promedio de la zona. Es un lugar económico para el tamaño de las porciones. La cuenta salio cara y la factura traia cobros que no pedimos. Nos cobraron un valor distinto al de la carta. El anbiente del lugar es muy bueno y muy acogedor. El sitio no estaba limpio cuando llegamos.
306,Paul's Mcarne Feast Palace,4,El plato principal llego bien preparado y con una sazón deliciozo. El mesero se equivoco con el pedido de la mesa. El sitio no estaba limpio cuando llegamos. El menu tiene variedad y cada plato mantiene la calidad. Escribanme a ana.mesa+resenas@gmail.com si quieren la foto.
307,Casa Sazon,2,PAGAMOS MUCHO POR UNA PORCION PEQUENA. EL DESCUENTO DEL DIA DEJA LA CUENTA MUY BARATA. LA CUENTA SALIO CARA Y LA FACTURA TRAIA COBROS QUE NO PEDIMOS. NOS UBICARON EN LA MESA APENAS LLEGAMOS.
308,Muuu Said the Happy Cow,4,La terraza tiene una vista bonita para la tarde. Manejan una promocion de almuerzo que vale la pena. Los presios subieron y ya no es económico. Cobran la propina sin avisar y el valor final sube. La cuenta fue economica y el valor esta justificado. Reservas al 310 555 12 34.
309,El Pirata del Sabor Vegano,4,Tomaron el pedido rápido y llegó sin errores. El postre estaba deficiente y sin gracia. El sitio no estaba limpio cuando llegamos. El mesero se equivocó con el pedido de la mesa.
310,El Pirata del Sabor Vegano,3,El postre estaba pesimo y sin gracia. Los ingredientes no se sentian frescos. La comida llego fria y sin sabor. El postre estaba regular y sin gracia. Probamos el plato picante y el sabor era intenso pero equilibrado. Esperamos mucho tiempo por la cuenta. La sazón del plato quedó desbalanceada y demasiado salada. Pedimos la carne y quedó en su punto exacto.
311,La Verdura Inquieta,5,La iluminación del salon es cálida. Pedimos verduras y llegaron recalentadas. Pedimos la carne y quedó en su punto exacto. La música acompaña sin tapar la conversacion. El plato principal llegó bien preparado y con una sazón delicioso. Nos ubicaron en la mesa apenas llegamos. El valor de los platos esta por debajo del promedio de la zona. Cobran la propina sin avisar y el valor final sube.
312,La Verdura Inquieta,4,El costo no corresponde con la calidad. Cobran la propina sin avisar y el valor final sube. Cobran la propina sin avisar y el valor final sube.
313,La Terraza del Chico,2,La terraza estaba cerrada y no avisaron. La atención en la mesa estuvo pendiente todo el tiempo. Pusimos un reclamo y nadie respondio. El servicio fue deficiente y tuvimos que llamar varias veces. Hubo demora en la cocina y nadie nos aviso. Pusimos un reclamo y nadie respondio. El sitio no estaba limpio cuando llegamos. La terraza tiene una vista bonita para la tarde. El personal no estaba pendiente de las mesas.
314,Mercado 93,4,El personal es amable y resuelve cualquier duda. El mesero se equivoco con el pedido de la mesa. El servicio fue correcto y el mesero muy atento. La espera para que tomaran el pedido fue larga. Nos ubicaron en la mesa apenas llegamos. Nos atendieron rápido y con amabilidad. Hubo demora en la cocina y nadie nos aviso. El plato venia regular preparado y la carne seca.
315,El Pirata del Sabor Vegano,5,Manejan una promocion de almuerzo que vale la pena. La cuenta fue economica y el valor esta justificado. Nos cobraron un valor distinto al de la carta. Manejan una promocion de almuerzo que vale la pena. La cuenta fue economica y el valor esta justificado. Tienen precios claros y la factura llega detallada. Nos cobraron un valor distinto al de la carta. El valor de los platos esta por debajo del promedio de la zona. El valor de los platos esta por debajo del promedio de la zona.
316,Casa Sazon,2,Pagar aqui se siente razonable por lo que sirven. El descuento del dia deja la cuenta muy barata. La cuenta fue economica y el valor esta justificado. Es un lugar económico para el tamano de las porciones. Pagamos mucho por una porción pequena. El precio de la carta me parecio pésimo para lo que sirven. Pagamos mucho por una porción pequena.
317,Mercado 93,3,"El mesero explicó el menu con paciencia y fue cortés. El sitio no estaba limpio cuando llegamos. La decoración esta descuidada y la luz muy fuerte. El espacio es amplio y se siente tranquilo. El ambiente del lugar es muy bueno y muy acogedor. Vale 40 mil, ojo con eso."
318,Muuu Said the Happy Cow,4,La decoración y la luz hacen agradable el espacio. El ambiente del lugar es notable y muy acogedor. La decoración y la luz hacen agradable el espacio. El ambiente era pésimo por el ruido de la calle. El plato venia pésimo preparado y la carne seca.
319,La Terraza del Chico,5,"El ambiente del lugar es notable y muy acogedor. El lugar estaba limpio y las sillas comodas. La iluminacion del salon es cálida. Vale 40 mil, ojo con eso."
320,La Verdura Inquieta,3,La sazón de la casa es lo mejor del menu. La terraza tiene una vista bonita para la tarde. El sitio no estaba limpio cuando llegamos. Las verduras estaban frescas y bien condimentadas. El servicio fue pésimo y tuvimos que llamar varias veces. El postre cerro la comida de forma delicioso. Habia mucho ruido y el espacio mal ventilado. Esperamos mucho tiempo por la cuenta. El costo no corresponde con la calidad.
321,Mercado 93,5,La musica acompaña sin tapar la conversacion. El ambiente del lugar es ecxelente y muy acogedor. La terraza tiene una vista bonita para la tarde.
322,Muuu Said the Happy Cow,4,Pedimos la carne y quedo en su punto exacto. Los ingredientes no se sentian frescos. El postre cerro la comida de forma excelente. La sazón de la casa es lo mejor del menu. La comida llego fria y sin sabor. Pagamos $9.800 en total.
323,Casa Sazon,3,El ambiente del lugar es delicioso y muy acogedor. El ambiente era pésimo por el ruido de la calle. El espacio es amplio y se siente tranquilo. La decoración y la luz hacen agradable el espacio. La atención fue distante y poco cortés. La espera para que tomaran el pedido fue larga.
324,El Pirata del Sabor Vegano,4,El descuento del dia deja la cuenta muy barata. El plato principal llego bien preparado y con una sazón ecxelente. La música estaba demasiado alta para conversar. Pedimos la carne y quedó en su punto exacto. La decoración esta descuidada y la luz muy fuerte. Pagamos $120.000 en total.
325,Mercado 93,4,TIENEN PRECIOS CLAROS Y LA FACTURA LLEGA DETALLADA. PROBAMOS EL PLATO PICANTE Y EL SABOR ERA INTENSO PERO EQUILIBRADO. PEDIMOS VERDURAS Y LLEGARON RECALENTADAS. NOS UBICARON EN LA MESA APENAS LLEGAMOS. LA SAZÓN DE LA CASA ES LO MEJOR DEL MENU. LOS INGREDIENTES SE SENTIAN FRESCOS Y LA PORCIÓN GENEROSA. LAS VERDURAS ESTABAN FRESCAS Y BIEN CONDIMENTADAS. EL COSTO NO CORRESPONDE CON LA CALIDAD.
326,Paul's Mcarne Feast Palace,1,EL PERSONAL NO ESTABA PENDIENTE DE LAS MESAS. LA COMIDA ESTUVO MUY BUENO Y EL SABOR DE LOS PLATOS ME SORPRENDIO. LAS MESAS ESTÁN BIEN SEPARADAS Y EL SITIO ES SILENCIOSO. EL PLATO VENIA DEFICIENTE PREPARADO Y LA CARNE SECA. EL LUGAR SE SENTIA ESTRECHO Y LAS SILLAS INCOMODAS.
327,Mercado 93,3,El zervicio fue correcto y el mesero muy atento. La música estaba demasiado alta para conversar. El personal es amable y resuelve cualquier duda. Esperamos mucho tiempo por la cuenta. Esperamos mucho tiempo por la cuenta. El mesero explico el menu con paciencia y fue cortés. El ambiente del lugar es correcto y muy acogedor.
328,Paul's Mcarne Feast Palace,3,Pedimos verduras y llegaron recalentadas. La sazón del plato quedó desbalanceada y demasiado salada. La porción fue pequena para lo que ofrece el menu. El postre cerro la comida de forma excelente. La presentación del plato acompaña el sabor. La comida estuvo correcto y el sabor de los platos me sorprendió. El sabor no corresponde a lo que promete la carta. Pedimos verduras y llegaron recalentadas. El plato principal llegó bien preparado y con una sazón excelente.
329,Muuu Said the Happy Cow,5,La sazón de la casa es lo mejor del menu. La atención en la mesa estuvo pendiente todo el tiempo. El mesero reviso el pedido antes de traerlo. El personal es amable y resuelve cualquier duda. El personal es amable y resuelve cualquier duda. Nos atendieron rapido y con amabilidad. Los precios subieron y ya no es económico. Pusimos un reclamo y nadie respondió. La atención en la mesa estuvo pendiente todo el tiempo.
330,El Pirata del Sabor Vegano,5,El descuento del dia deja la cuenta muy barata. Las verduras estaban frescas y bien condimentadas. La presentacion del plato acompaña el sabor. La cuenta fue de $32.500.
331,Mercado 93,3,Las verduras estaban frescas y bien condimentadas. La sazon del plato quedó desbalanceada y demasiado salada. El menu tiene variedad y cada plato mantiene la calidad.
332,Paul's Mcarne Feast Palace,4,El personal es amable y resuelve cualquier duda. La terraza tiene una vista bonita para la tarde. Las mesas están bien separadas y el sitio es silencioso. La musica acompaña sin tapar la conversacion. La terraza tiene una vista bonita para la tarde. El lugar estaba limpio y las sillas comodas. La musica estaba demasiado alta para conversar. El ambiente era deficiente por el ruido de la calle. La terraza tiene una vista bonita para la tarde. Mas fotos en quejas@laterraza.com.
333,Casa Sazon,4,Pagar aqui se siente razonable por lo que sirven. Nos cobraron un valor distinto al de la carta. La terraza estaba cerrada y no avisaron.
334,Casa Sazon,4,Cobran la propina sin avisar y el valor final sube. El precio de la carta me parecio regular para lo que sirven. La terraza tiene una vista bonita para la tarde. El ambiente era deficiente por el ruido de la calle. El descuento del dia deja la cuenta muy barata. El descuento del dia deja la cuenta muy barata.
335,Vegan Island,3,La atención fue distante y poco cortes. Nos ubicaron en la mesa apenas llegamos. Las mesas están bien separadas y el sitio es silencioso. Esperamos mucho tiempo por la cuenta. La terraza tiene una vista bonita para la tarde. El lugar se sentia estrecho y las sillas incomodas. Esperamos mucho tiempo por la cuenta.
336,La Verdura Inquieta,3,El precio es correcto para la calidad que ofrecen. Pagamos mucho por una porcion pequena. El servicio fue regular y tuvimos que llamar varias veces. El personal no estaba pendiente de las mesas.
337,Vegan Island,3,La porción fue pequena para lo que ofrece el menu. Los ingredientes no se sentian frescos. El postre estaba flojo y sin gracia. Cobran la propina sin avisar y el valor final sube. La porción fue pequena para lo que ofrece el menu.!!!
338,Mercado 93,3,El mesero explicó el menu con paciencia y fue cortés. Los precios subieron y ya no es económico. El mesero explicó el menu con paciencia y fue cortés. Pusimos un reclamo y nadie respondió. La sazon de la casa es lo mejor del menu. La porción fue pequena para lo que ofrece el menu. La atención hizo la diferencia en la visita.!!!
339,Vegan Island,3,EL SITIO NO ESTABA LIMPIO CUANDO LLEGAMOS. LA SAZÓN DEL PLATO QUEDO DESBALANCEADA Y DEMASIADO SALADA. LOS INGREDIENTES SE SENTIAN FRESCOS Y LA PORCIÓN GENEROSA. LA MÚSICA ESTABA DEMASIADO ALTA PARA CONVERSAR. LOS INGREDIENTES NO SE SENTIAN FRESCOS. LA MÚSICA ESTABA DEMASIADO ALTA PARA CONVERSAR. LA TERRAZA TIENE UNA VISTA BONITA PARA LA TARDE. PEDIMOS LA CARNE Y QUEDO EN SU PUNTO EXACTO. LA CUENTA FUE DE $32.500.
340,Mercado 93,3,El personal es amable y resuelve cualquier duda. El mesero reviso el pedido antes de traerlo. La porción fue pequena para lo que ofrece el menu. La comida estuvo excelente y el sabor de los platos me sorprendió. La atención fue distante y poco cortés. El sitio no estaba limpio cuando llegamos. Las mesas están bien separadas y el sitio es silencioso. El lugar se sentia estrecho y las sillas incomodas.!!!
341,Casa Sazon,5,Pedimos la carne y quedó en su punto exacto. La atencion hizo la diferencia en la visita. Pedimos la carne y quedó en su punto exacto.
342,La Terraza del Chico,4,El presio de la carta me parecio deficiente para lo que sirven. Tomaron el pedido rápido y llegó sin errores. Hubo demora en la cocina y nadie nos aviso.
343,La Terraza del Chico,3,Las mesas están bien separadas y el sitio es silencioso. La comida llegó fria y sin sabor. Habia mucho ruido y el espacio mal ventilado. La terraza estaba cerrada y no avisaron. La atención fue distante y poco cortés. Llamen al 310 555 12 34 antes de ir.
344,Paul's Mcarne Feast Palace,4,El postre cerro la comida de forma excelente. El zervicio fue excelente y el mesero muy atento. La sazon del plato quedó desbalanceada y demasiado salada. El menu tiene variedad y cada plato mantiene la calidad.
345,Paul's Mcarne Feast Palace,3,La espera para que tomaran el pedido fue larga. La atención hizo la diferencia en la visita. El plato venia flojo preparado y la carne seca.
346,Mercado 93,4,La cuenta salió cara y la factura traia cobros que no pedimos. El menu tiene variedad y cada plato mantiene la calidad. Pagar aqui se siente razonable por lo que sirven. El descuento del dia deja la cuenta muy barata. Tomaron el pedido rápido y llego sin errores. El personal no estaba pendiente de las mesas.
347,Mercado 93,4,El descuento del dia deja la cuenta muy barata. La cuenta fue economica y el valor esta justificado. El espacio es amplio y se siente tranquilo. Cobran la propina sin avisar y el valor final sube.!!!
348,Muuu Said the Happy Cow,3,La presentación del plato acompaña el sabor. Pagamos mucho por una porción pequena. La decoración y la luz hacen agradable el espacio. La sazón de la casa es lo mejor del menu. El sabor no corresponde a lo que promete la carta. Los ingredientes no se sentian frescos. Pedimos la carne y quedó en su punto exacto.
349,Mercado 93,4,El sabor no corresponde a lo que promete la carta. El mesero se equivocó con el pedido de la mesa. Los ingredientes se sentian frescos y la porcion generosa. Nos ubicaron en la mesa apenas llegamos. El plato principal llegó bien preparado y con una sazon notable. Tomaron el pedido rápido y llegó sin errores. El plato venia regular preparado y la carne seca. El servicio fue delicioso y el mesero muy atento.
350,Paul's Mcarne Feast Palace,3,"El servicio fue regular y tuvimos que llamar varias veces. El precio de la carta me parecio regular para lo que sirven. La porcion fue pequena para lo que ofrece el menu. La promocion que anuncian no aplicaba al pagar. La sazon de la casa es lo mejor del menu. Vale 12 mil, ojo con eso."
351,Vegan Island,2,Manejan una promocion de almuerzo que vale la pena. El postre estaba mal y sin gracia. Hubo demora en la cocina y nadie nos aviso. Pedimos verduras y llegaron recalentadas. El precio es muy bueno para la calidad que ofrecen. Pagamos mucho por una porcion pequena.
352,La Terraza del Chico,4,La música estaba demasiado alta para conversar. Es un lugar económico para el tamaño de las porciones. El ambiente del lugar es excelente y muy acogedor.
353,Vegan Island,3,Esperamos mucho tiempo por la cuenta. La comida llegó fria y sin sabor. Manejan una promocion de almuerzo que vale la pena. La atencion en la mesa estuvo pendiente todo el tiempo. La atencion en la mesa estuvo pendiente todo el tiempo. La atencion fue distante y poco cortés. La atencion fue distante y poco cortés. La atencion hizo la diferencia en la visita.
354,La Terraza del Chico,4,El sabor no corresponde a lo que promete la carta. La porcion fue pequena para lo que ofrece el menu. El sabor no corresponde a lo que promete la carta. Pedimos verduras y llegaron recalentadas. Pedimos la carne y quedo en su punto exacto. Probamos el plato picante y el sabor era intenso pero equilibrado. El postre cerro la comida de forma notable. Los ingredientes se sentian frescos y la porcion generosa.!!!
355,Casa Sazon,2,Habia mucho ruido y el espacio mal ventilado. Pusimos un reclamo y nadie respondió. El sitio no estaba limpio cuando llegamos. El personal es amable y resuelve cualquier duda. El mesero explico el menu con paciencia y fue cortés. La espera para que tomaran el pedido fue larga. Nos ubicaron en la mesa apenas llegamos. Hubo demora en la cocina y nadie nos aviso. Llamen al 3105551234 antes de ir.
356,La Verdura Inquieta,4,Nos atendieron rápido y con amabilidad. El lugar se sentia estrecho y las sillas incomodas. La terraza tiene una vista bonita para la tarde. La música estaba demasiado alta para conversar. La cuenta fue de $76.400.
357,La Verdura Inquieta,4,El mesero reviso el pedido antes de traerlo. Pedimos la carne y quedo en su punto exacto. Las verduras estaban frescas y bien condimentadas.!!!
358,Muuu Said the Happy Cow,4,La terraza estaba cerrada y no avisaron. La terraza tiene una vista bonita para la tarde. El lugar estaba limpio y las sillas comodas. Las mesas están bien separadas y el sitio es silencioso. El lugar estaba limpio y las sillas comodas. El lugar se sentia estrecho y las sillas incomodas. La terraza tiene una vista bonita para la tarde. La música estaba demasiado alta para conversar. Nos ubicaron en la mesa apenas llegamos.
359,Muuu Said the Happy Cow,2,El costo no corresponde con la calidad. Nos cobraron un valor distinto al de la carta. Es un lugar económico para el tamaño de las porciones. La cuenta salió cara y la factura traia cobros que no pedimos. Pagamos mucho por una porción pequena.
360,Vegan Island,4,Los ingredientes se sentian frescos y la porción generosa. Probamos el plato picante y el sabor era intenso pero equilibrado. Tienen precios claros y la factura llega detallada. Los precios subieron y ya no es economico. Mas fotos en quejas@laterraza.com.
361,Paul's Mcarne Feast Palace,3,NOS COBRARON UN VALOR DISTINTO AL DE LA CARTA. LA DECORACIÓN ESTA DESCUIDADA Y LA LUZ MUY FUERTE. PAGAMOS MUCHO POR UNA PORCIÓN PEQUENA. EL PRECIO DE LA CARTA ME PARECIO FLOJO PARA LO QUE SIRVEN. LA SAZÓN DEL PLATO QUEDÓ DESBALANCEADA Y DEMASIADO SALADA. LLAMEN AL 3105551234 ANTES DE IR.
362,Vegan Island,4,La sazón del plato quedó desbalanceada y demasiado salada. El descuento del dia deja la cuenta muy barata. Probamos el plato picante y el sabor era intenso pero equilibrado. Los ingredientes no se sentian frescos. Cobran la propina sin avisar y el valor final sube.
363,La Terraza del Chico,3,Los precios subieron y ya no es economico. Pagamos mucho por una porcion pequena. Los ingredientes no se sentian frescos. Pagamos mucho por una porcion pequena. Cobran la propina sin avisar y el valor final sube. El descuento del dia deja la cuenta muy barata. La promocion que anuncian no aplicaba al pagar. El descuento del dia deja la cuenta muy barata. El descuento del dia deja la cuenta muy barata.
364,Muuu Said the Happy Cow,5,La comida estuvo delicioso y el sabor de los platos me sorprendio. El precio es excelente para la calidad que ofrecen. El ambiente del lugar es excelente y muy acogedor. El plato venia regular preparado y la carne seca. El plato principal llegó bien preparado y con una sazon notable. Los ingredientes no se sentian frescos. Probamos el plato picante y el sabor era intenso pero equilibrado.
365,Muuu Said the Happy Cow,2,El postre estaba pesimo y sin gracia. La sazón del plato quedó desbalanceada y demasiado salada. La sazón del plato quedó desbalanceada y demasiado salada. El plato principal llego bien preparado y con una sazón delicioso. Pedimos verduras y llegaron recalentadas. Pedimos la carne y quedó en su punto exacto. Nos atendieron rápido y con amabilidad.
366,Paul's Mcarne Feast Palace,4,El ambiente del lugar es deliciozo y muy acogedor. Las mesas están bien separadas y el sitio es silencioso. La decoración y la luz hacen agradable el espacio. La porción fue pequena para lo que ofrece el menu. La terraza estaba cerrada y no avisaron.
367,Vegan Island,3,La porcion fue pequena para lo que ofrece el menu. El lugar se sentia estrecho y las sillas incomodas. El precio es excelente para la calidad que ofrecen. El plato principal llegó bien preparado y con una sazón notable. Las verduras estaban frescas y bien condimentadas. La decoracion y la luz hacen agradable el espacio. Los ingredientes no se sentian frescos. El costo no corresponde con la calidad. Llamen al 6012345678 antes de ir.
368,El Pirata del Sabor Vegano,4,La atención fue distante y poco cortés. Los ingredientes se sentian frescos y la porcion generosa. Los precios subieron y ya no es económico. Pedimos la carne y quedó en su punto exacto. El postre estaba mal y sin gracia. El postre cerro la comida de forma excelente. La porcion fue pequena para lo que ofrece el menu. Manejan una promocion de almuerzo que vale la pena. Llamen al 320 444 9911 antes de ir.
369,El Pirata del Sabor Vegano,5,El ambiente del lugar es excelente y muy acogedor. La terraza tiene una vista bonita para la tarde. Nos atendieron rapido y con amabilidad.
370,Casa Sazon,3,Nos ubicaron en la mesa apenas llegamos. La atención hizo la diferencia en la visita. Pedimos verduras y llegaron recalentadas.
371,Casa Sazon,5,La cuenta fue economica y el valor esta justificado. La cuenta fue economica y el valor esta justificado. El costo no corresponde con la calidad. El mesero se equivocó con el pedido de la mesa. El descuento del dia deja la cuenta muy barata. La musica acompaña sin tapar la conversacion. El descuento del dia deja la cuenta muy barata. La cuenta fue de $45.000.
372,Casa Sazon,4,EL MENU TIENE VARIEDAD Y CADA PLATO MANTIENE LA CALIDAD. EL AMBIENTE ERA REGULAR POR EL RUIDO DE LA CALLE. LA COMIDA ESTUVO MUY BUENO Y EL SABOR DE LOS PLATOS ME SORPRENDIÓ. EL PLATO PRINCIPAL LLEGO BIEN PREPARADO Y CON UNA SAZON EXCELENTE. EL POSTRE ESTABA MAL Y SIN GRACIA. EL PLATO PRINCIPAL LLEGO BIEN PREPARADO Y CON UNA SAZON NOTABLE. LA PRESENTACIÓN DEL PLATO ACOMPAÑA EL SABOR. LA PRESENTACIÓN DEL PLATO ACOMPAÑA EL SABOR.!!!
373,Vegan Island,2,La atención fue distante y poco cortés. El mesero reviso el pedido antes de traerlo. La atención hizo la diferencia en la visita. El ambiente del lugar es muy bueno y muy acogedor. El personal no estaba pendiente de las mesas. La espera para que tomaran el pedido fue larga. El ambiente del lugar es delicioso y muy acogedor. El postre cerro la comida de forma delicioso. Hubo demora en la cocina y nadie nos aviso.
374,Mercado 93,3,El postre estaba flojo y sin gracia. El ambiente del lugar es muy bueno y muy acogedor. La iluminacion del salon es cálida. La decoración y la luz hacen agradable el espacio. La terraza tiene una vista bonita para la tarde. El lugar se sentia estrecho y las sillas incomodas. El ambiente era flojo por el ruido de la calle. La decoración esta descuidada y la luz muy fuerte.
375,La Verdura Inquieta,2,Las verduras estaban frescas y bien condimentadas. El precio es notable para la calidad que ofrecen. La promocion que anuncian no aplicaba al pagar. El plato venia flojo preparado y la carne seca. El precio de la carta me parecio pésimo para lo que sirven.
376,Muuu Said the Happy Cow,2,El lugar estaba limpio y las sillas comodas. La iluminación del salon es cálida. La decoración y la luz hacen agradable el espacio. La decoración esta descuidada y la luz muy fuerte. El ambiente era pésimo por el ruido de la calle. El lugar se sentia estrecho y las sillas incomodas.
377,El Pirata del Sabor Vegano,4,La decoración esta descuidada y la luz muy fuerte. Pusimos un reclamo y nadie respondió. La musica estaba demasiado alta para conversar. La musica acompaña sin tapar la conversacion. La atención en la mesa estuvo pendiente todo el tiempo. El mesero explicó el menu con paciencia y fue cortés. La musica estaba demasiado alta para conversar.
378,El Pirata del Sabor Vegano,4,Hubo demora en la cocina y nadie nos aviso. La atención fue distante y poco cortés. El espacio es amplio y se siente tranquilo. Nos ubicaron en la mesa apenas llegamos.
379,La Terraza del Chico,4,El menu tiene variedad y cada plato mantiene la calidad. Es un lugar económico para el tamaño de las porciones. La comida estuvo muy bueno y el sabor de los platos me sorprendió. La música acompaña sin tapar la conversacion. La música estaba demasiado alta para conversar. Pedimos verduras y llegaron recalentadas. Escribanme a info@mercado93.co si quieren la foto.
380,Casa Sazon,5,La iluminación del salon es calida. La decoración y la luz hacen agradable el espacio. La decoración y la luz hacen agradable el espacio.!!!
381,Mercado 93,1,Esperamos mucho tiempo por la cuenta. El servicio fue pésimo y tuvimos que llamar varias veces. La decoración esta descuidada y la luz muy fuerte. El lugar se sentia estrecho y las sillas incomodas. Llamen al 6012345678 antes de ir.
382,Paul's Mcarne Feast Palace,3,La porción fue pequena para lo que ofrece el menu. La sazon de la casa es lo mejor del menu. Los ingredientes se sentian frescos y la porción generosa. El menu tiene variedad y cada plato mantiene la calidad. La porción fue pequena para lo que ofrece el menu. Pedimos verduras y llegaron recalentadas. El plato venia flojo preparado y la carne seca.
383,Mercado 93,4,El menu tiene variedad y cada plato mantiene la calidad. La decoración esta descuidada y la luz muy fuerte. El sabor no corresponde a lo que promete la carta. El lugar estaba limpio y las sillas comodas. La música acompana sin tapar la conversacion. Hubo demora en la cocina y nadie nos aviso. El zervicio fue deficiente y tuvimos que llamar varias veces. Es un lugar económico para el tamaño de las porciones.
384,Vegan Island,4,Nos ubicaron en la mesa apenas llegamos. Manejan una promocion de almuerzo que vale la pena. La atención en la mesa estuvo pendiente todo el tiempo. La atención en la mesa estuvo pendiente todo el tiempo. El servicio fue mal y tuvimos que llamar varias veces. Pagar aqui se siente razonable por lo que sirven. Nos ubicaron en la mesa apenas llegamos. Es un lugar economico para el tamaño de las porciones. El servicio fue regular y tuvimos que llamar varias veces.
385,Muuu Said the Happy Cow,5,El zervicio fue correcto y el mesero muy atento. El precio de la carta me parecio regular para lo que sirven. El mesero reviso el pedido antes de traerlo. El descuento del dia deja la cuenta muy barata.
386,Mercado 93,3,Los ingredientes se sentian frescos y la porción generosa. La terraza estaba cerrada y no avisaron. El precio es notable para la calidad que ofrecen. La porción fue pequena para lo que ofrece el menu. El precio de la carta me parecio deficiente para lo que sirven. El menu tiene variedad y cada plato mantiene la calidad. Los precios subieron y ya no es económico. Reservas al 320 444 9911.
387,La Terraza del Chico,3,El costo no corresponde con la calidad. La promocion que anuncian no aplicaba al pagar. Tienen precios claros y la factura llega detallada. Tomaron el pedido rápido y llegó sin errores. La decoración esta descuidada y la luz muy fuerte. El precio es excelente para la calidad que ofrecen. Pusimos un reclamo y nadie respondió.!!!
388,La Verdura Inquieta,5,Nos ubicaron en la mesa apenas llegamos. La atención hizo la diferencia en la visita. Cobran la propina sin avisar y el valor final sube.
389,La Verdura Inquieta,3,La decoracion esta descuidada y la luz muy fuerte. El valor de los platos esta por debajo del promedio de la zona. Habia mucho ruido y el espacio mal ventilado. La música acompaña sin tapar la conversacion.
390,Vegan Island,3,Las mesas están bien separadas y el sitio es silencioso. El postre cerro la comida de forma muy bueno. La porción fue pequena para lo que ofrece el menu. Pagamos mucho por una porción pequena. Los ingredientes se sentian frescos y la porción generosa.
391,El Pirata del Sabor Vegano,4,Esperamos mucho tiempo por la cuenta. El mesero se equivocó con el pedido de la mesa. La atención fue distante y poco cortés. La atención en la mesa estuvo pendiente todo el tiempo. La atención en la mesa estuvo pendiente todo el tiempo.!!!
392,Casa Sazon,3,La atención hizo la diferencia en la visita. El precio de la carta me parecio pesimo para lo que sirven. El mesero explicó el menu con paciencia y fue cortés. Nos ubicaron en la mesa apenas llegamos. La atención fue distante y poco cortés. El lugar se sentia estrecho y las sillas incomodas. La terraza estaba cerrada y no avisaron. La decoración y la luz hacen agradable el espacio.
393,La Terraza del Chico,5,El plato principal llego bien preparado y con una sazón muy bueno. Los ingredientes se sentian frescos y la porción generosa. Los ingredientes se sentian frescos y la porción generosa. El postre cerro la comida de forma notable. El valor de los platos esta por debajo del promedio de la zona. Cobran la propina sin avisar y el valor final sube. La cuenta fue economica y el valor esta justificado. Los ingredientes no se sentian frescos.
394,La Verdura Inquieta,4,El postre estaba mal y sin gracia. El postre cerro la comida de forma correcto. El plato principal llego bien preparado y con una sazón delicioso. La sazón de la casa es lo mejor del menu. La sazón de la casa es lo mejor del menu. Mas fotos en quejas@laterraza.com.
395,Vegan Island,4,La atención hizo la diferencia en la visita. Tienen precios claros y la factura llega detallada. El personal es amable y resuelve cualquier duda. Tomaron el pedido rápido y llegó sin errores. El servicio fue flojo y tuvimos que llamar varias veces. La comida llegó fria y sin sabor. La promocion que anuncian no aplicaba al pagar.
396,Mercado 93,3,El lugar estaba limpio y las sillas comodas. Las mesas están bien separadas y el sitio es silencioso. Los precios subieron y ya no es economico. La música acompana sin tapar la conversacion. Hubo demora en la cocina y nadie nos aviso. La música estaba demasiado alta para conversar. Manejan una promocion de almuerzo que vale la pena. El costo no corresponde con la calidad. El valor de los platos esta por debajo del promedio de la zona. Llamen al 6012345678 antes de ir.
397,Paul's Mcarne Feast Palace,3,El ambiente del lugar es muy bueno y muy acogedor. El lugar estaba limpio y las sillas comodas. La decoración y la luz hacen agradable el espacio.
398,Muuu Said the Happy Cow,3,Cobran la propina sin avisar y el valor final sube. Manejan una promocion de almuerzo que vale la pena. La promocion que anuncian no aplicaba al pagar. Pagar aqui se siente razonable por lo que sirven. Es un lugar económico para el tamaño de las porciones. Nos cobraron un valor distinto al de la carta. Mas fotos en info@mercado93.co.
399,La Verdura Inquieta,4,Cobran la propina sin avisar y el valor final sube. Nos ubicaron en la mesa apenas llegamos. La atención hizo la diferencia en la visita. La atención hizo la diferencia en la visita. Esperamos mucho tiempo por la cuenta. La atención fue distante y poco cortés.
400,La Verdura Inquieta,4,El postre cerro la comida de forma excelente. Cobran la propina sin avisar y el valor final sube. La comida llegó fria y sin sabor. El descuento del dia deja la cuenta muy barata. El plato principal llegó bien preparado y con una sazon correcto. Tienen precios claros y la factura llega detallada. Los precios subieron y ya no es economico. Habia mucho ruido y el espacio mal ventilado. La comida llegó fria y sin sabor. La cuenta fue de $18.900.
401,Vegan Island,4,El personal es amable y resuelve cualquier duda. El personal no estaba pendiente de las mesas. Nos ubicaron en la mesa apenas llegamos. Mas fotos en reservas@casasazon.com.co.
402,Paul's Mcarne Feast Palace,3,El costo no corresponde con la calidad. La cuenta fue economica y el valor esta justificado. El valor de los platos esta por debajo del promedio de la zona.
403,Vegan Island,5,Las verduras estaban frescas y bien condimentadas. Las verduras estaban frescas y bien condimentadas. El postre estaba deficiente y sin gracia.
404,Casa Sazon,5,La música acompaña sin tapar la conversacion. La iluminacion del salon es calida. La atención en la mesa estuvo pendiente todo el tiempo. La terraza tiene una vista bonita para la tarde. La música acompaña sin tapar la conversacion. Las mesas están bien separadas y el sitio es silencioso. El espacio es amplio y se siente tranquilo.
405,Casa Sazon,2,Pagamos mucho por una porcion pequena. Los precios subieron y ya no es económico. El costo no corresponde con la calidad. Tienen precios claros y la factura llega detallada. Cobran la propina sin avisar y el valor final sube. La promocion que anuncian no aplicaba al pagar. El costo no corresponde con la calidad. Es un lugar económico para el tamaño de las porciones.!!!
406,Paul's Mcarne Feast Palace,3,La cuenta salió cara y la factura traia cobros que no pedimos. El mesero reviso el pedido antes de traerlo. La comida estuvo notable y el sabor de los platos me sorprendió. Llamen al 601 555 1234 antes de ir.
407,La Verdura Inquieta,3,La sazon de la casa es lo mejor del menu. La comida estuvo delicioso y el sabor de los platos me sorprendió. Pedimos verduras y llegaron recalentadas. El plato venia flojo preparado y la carne seca. El postre estaba deficiente y sin gracia. El plato principal llegó bien preparado y con una sazon delicioso. Pusimos un reclamo y nadie respondió. La atencion fue distante y poco cortés.
408,La Verdura Inquieta,3,El precio es delicioso para la calidad que ofrecen. El lugar estaba limpio y las sillas comodas. La decoración esta descuidada y la luz muy fuerte. Los ingredientes se sentian frescos y la porción generosa. La terraza estaba cerrada y no avisaron. La terraza estaba cerrada y no avisaron. La sazon del plato quedo desbalanceada y demasiado salada.
409,Mercado 93,2,La cuenta salió cara y la factura traia cobros que no pedimos. Cobran la propina sin avisar y el valor final sube. La cuenta fue economica y el valor esta justificado. Pagamos mucho por una porcion pequena. Pagar aqui se siente razonable por lo que sirven. Es un lugar económico para el tamaño de las porciones. La promocion que anuncian no aplicaba al pagar. El costo no corresponde con la calidad. Es un lugar económico para el tamaño de las porciones.
410,Mercado 93,3,Hubo demora en la cocina y nadie nos aviso. El mesero se equivocó con el pedido de la mesa. El mesero explicó el menu con paciencia y fue cortés. Nos ubicaron en la mesa apenas llegamos. Hubo demora en la cocina y nadie nos aviso. La atencion hizo la diferencia en la visita. El mesero reviso el pedido antes de traerlo. El mesero explicó el menu con paciencia y fue cortés. La espera para que tomaran el pedido fue larga.
411,Paul's Mcarne Feast Palace,5,Los ingredientes se sentian frescos y la porción generosa. El valor de los platos esta por debajo del promedio de la zona. El plato principal llego bien preparado y con una sazón correcto. Nos cobraron un valor distinto al de la carta. Reservas al 601 555 1234.
412,La Terraza del Chico,5,"PROBAMOS EL PLATO PICANTE Y EL SABOR ERA INTENSO PERO EQUILIBRADO. LA ILUMINACION DEL SALON ES CALIDA. LA TERRAZA TIENE UNA VISTA BONITA PARA LA TARDE. VALE 60 MIL, OJO CON ESO."
413,Vegan Island,3,La atención hizo la diferencia en la visita. La porción fue pequena para lo que ofrece el menu. Hubo demora en la cocina y nadie nos aviso.
414,Muuu Said the Happy Cow,2,El servicio fue delicioso y el mesero muy atento. Nos atendieron rápido y con amabilidad. La espera para que tomaran el pedido fue larga. Hubo demora en la cocina y nadie nos aviso. La atención hizo la diferencia en la visita. El costo no corresponde con la calidad. El mesero se equivocó con el pedido de la mesa. Pagamos mucho por una porción pequena. Escribanme a info@mercado93.co si quieren la foto.
415,Paul's Mcarne Feast Palace,4,Pedimos verduras y llegaron recalentadas. Pedimos la carne y quedó en su punto exacto. La presentación del plato acompaña el sabor.
416,Paul's Mcarne Feast Palace,3,La cuenta fue economica y el valor esta justificado. La musica estaba demasiado alta para conversar. El espacio es amplio y se siente tranquilo. El anbiente era mal por el ruido de la calle. El mesero reviso el pedido antes de traerlo. La iluminación del salon es calida. El ambiente del lugar es muy bueno y muy acogedor. La cuenta fue de $45.000.
417,La Terraza del Chico,2,"El postre estaba pesimo y sin gracia. La porción fue pequena para lo que ofrece el menu. El postre estaba pesimo y sin gracia. El plato principal llego bien preparado y con una sazón delicioso. Los ingredientes no se sentian frescos. El postre cerro la comida de forma excelente. Vale 60 mil, ojo con eso."
418,Paul's Mcarne Feast Palace,2,El personal no estaba pendiente de las mesas. El precio es muy bueno para la calidad que ofrecen. La comida llegó fria y sin sabor. Tienen precios claros y la factura llega detallada. Es un lugar económico para el tamaño de las porciones. La cuenta salió cara y la factura traia cobros que no pedimos. La cuenta fue economica y el valor esta justificado. Reservas al 320 444 9911.
419,Vegan Island,2,El sabor no corresponde a lo que promete la carta. El postre estaba regular y sin gracia. El lugar estaba limpio y las sillas comodas. Los ingredientes no se sentian frescos. El lugar se sentia estrecho y las sillas incomodas. La sazon del plato quedo desbalanceada y demasiado salada. Habia mucho ruido y el espacio mal ventilado.
420,El Pirata del Sabor Vegano,4,Tomaron el pedido rápido y llegó sin errores. La terraza estaba cerrada y no avisaron. La música estaba demasiado alta para conversar. Hubo demora en la cocina y nadie nos aviso. El menu tiene variedad y cada plato mantiene la calidad. Pagar aqui se siente razonable por lo que sirven. La sazon del plato quedó desbalanceada y demasiado salada. El menu tiene variedad y cada plato mantiene la calidad.
421,Vegan Island,5,El servicio fue delicioso y el mesero muy atento. El personal no estaba pendiente de las mesas. Nos ubicaron en la mesa apenas llegamos. El lugar estaba limpio y las sillas comodas. La atención hizo la diferencia en la visita. La espera para que tomaran el pedido fue larga. La atención hizo la diferencia en la visita. La iluminacion del salon es calida.
422,Vegan Island,5,Nos cobraron un valor distinto al de la carta. El ambiente era mal por el ruido de la calle. El espacio es amplio y se siente tranquilo. Probamos el plato picante y el sabor era intenso pero equilibrado. La música estaba demasiado alta para conversar.
423,El Pirata del Sabor Vegano,5,Nos atendieron rápido y con amabilidad. La atención hizo la diferencia en la visita. La sazón de la casa es lo mejor del menu.
424,El Pirata del Sabor Vegano,3,Las verduras estaban frescas y bien condimentadas. La cuenta salio cara y la factura traia cobros que no pedimos. El precio de la carta me parecio deficiente para lo que sirven. La sazón de la casa es lo mejor del menu. Tienen precios claros y la factura llega detallada. La promocion que anuncian no aplicaba al pagar. El costo no corresponde con la calidad.
425,La Verdura Inquieta,4,El ambiente era deficiente por el ruido de la calle. Nos atendieron rápido y con amabilidad. El servicio fue flojo y tuvimos que llamar varias veces. La decoración esta descuidada y la luz muy fuerte. El mesero explicó el menu con paciencia y fue cortés. El mesero reviso el pedido antes de traerlo. El personal es amable y resuelve cualquier duda. Esperamos mucho tiempo por la cuenta. La atención en la mesa estuvo pendiente todo el tiempo.
426,Paul's Mcarne Feast Palace,4,Tienen precios claros y la factura llega detallada. Nos ubicaron en la mesa apenas llegamos. El mesero reviso el pedido antes de traerlo. Hubo demora en la cocina y nadie nos aviso. El ambiente era deficiente por el ruido de la calle. La espera para que tomaran el pedido fue larga. El personal es amable y resuelve cualquier duda. El precio es muy bueno para la calidad que ofrecen.
427,El Pirata del Sabor Vegano,1,El costo no corresponde con la calidad. Pagamos mucho por una porción pequena. Es un lugar económico para el tamaño de las porciones.
428,Paul's Mcarne Feast Palace,4,El precio es correcto para la calidad que ofrecen. La cuenta fue economica y el valor esta justificado. El precio es deliciozo para la calidad que ofrecen. El descuento del dia deja la cuenta muy barata. Probamos el plato picante y el sabor era intenso pero equilibrado. La promocion que anuncian no aplicaba al pagar. El mesero explicó el menu con paciencia y fue cortes. Pusimos un reclamo y nadie respondio. Mas fotos en contacto@resto.co.
429,Mercado 93,3,El personal es amable y resuelve cualquier duda. La terraza tiene una vista bonita para la tarde. La terraza estaba cerrada y no avisaron. El espacio es amplio y se siente tranquilo. La cuenta salió cara y la factura traia cobros que no pedimos. Habia mucho ruido y el espacio mal ventilado.!!!
430,Paul's Mcarne Feast Palace,3,La comida estuvo excelente y el sabor de los platos me sorprendió. Pusimos un reclamo y nadie respondió. El sabor no corresponde a lo que promete la carta. El mesero se equivocó con el pedido de la mesa. La atencion hizo la diferencia en la visita. La cuenta salió cara y la factura traia cobros que no pedimos. Las verduras estaban frescas y bien condimentadas. Mas fotos en info@mercado93.co.
431,La Terraza del Chico,3,LOS INGREDIENTES NO SE SENTIAN FRESCOS. LOS INGREDIENTES NO SE SENTIAN FRESCOS. LOS INGREDIENTES SE SENTIAN FRESCOS Y LA PORCIÓN GENEROSA. LAS VERDURAS ESTABAN FRESCAS Y BIEN CONDIMENTADAS. HABIA MUCHO RUIDO Y EL ESPACIO MAL VENTILADO. LAS MESAS ESTÁN BIEN SEPARADAS Y EL SITIO ES SILENCIOSO. PEDIMOS LA CARNE Y QUEDO EN SU PUNTO EXACTO. EL MENU TIENE VARIEDAD Y CADA PLATO MANTIENE LA CALIDAD. EL PLATO VENIA MAL PREPARADO Y LA CARNE SECA.
432,La Verdura Inquieta,3,La música estaba demasiado alta para conversar. Tomaron el pedido rapido y llegó sin errores. Nos atendieron rapido y con amabilidad. El personal no estaba pendiente de las mesas. El servicio fue pesimo y tuvimos que llamar varias veces.
433,Vegan Island,3,Habia mucho ruido y el espacio mal ventilado. El mesero reviso el pedido antes de traerlo. La comida llegó fria y sin sabor. Pagar aqui se siente razonable por lo que sirven. La cuenta salió cara y la factura traia cobros que no pedimos. El precio es muy bueno para la calidad que ofrecen. Tienen precios claros y la factura llega detallada. El postre estaba pésimo y sin gracia. La comida estuvo correcto y el sabor de los platos me sorprendió. Mas fotos en reservas@casasazon.com.co.
434,El Pirata del Sabor Vegano,4,El plato principal llegó bien preparado y con una sazón excelente. El plato venia deficiente preparado y la carne seca. La sazón de la casa es lo mejor del menu. El menu tiene variedad y cada plato mantiene la calidad. Probamos el plato picante y el sabor era intenso pero equilibrado. La comida estuvo muy bueno y el sabor de los platos me sorprendio. El menu tiene variedad y cada plato mantiene la calidad. El plato venia deficiente preparado y la carne seca.
435,La Verdura Inquieta,5,Nos atendieron rápido y con amabilidad. Cobran la propina sin avisar y el valor final sube. Nos atendieron rápido y con amabilidad. La atención fue distante y poco cortés. El personal es amable y resuelve cualquier duda. El sabor no corresponde a lo que promete la carta. El postre estaba regular y sin gracia.
436,Vegan Island,4,LA ATENCIÓN EN LA MESA ESTUVO PENDIENTE TODO EL TIEMPO. EL PERSONAL NO ESTABA PENDIENTE DE LAS MESAS. LAS VERDURAS ESTABAN FRESCAS Y BIEN CONDIMENTADAS. NOS ATENDIERON RÁPIDO Y CON AMABILIDAD. HABIA MUCHO RUIDO Y EL ESPACIO MAL VENTILADO.!!!
437,El Pirata del Sabor Vegano,4,Esperamos mucho tiempo por la cuenta. La atención hizo la diferencia en la visita. La atención hizo la diferencia en la visita. La atención en la mesa estuvo pendiente todo el tiempo. El personal no estaba pendiente de las mesas. El valor de los platos esta por debajo del promedio de la zona. El personal es amable y resuelve cualquier duda. La terraza tiene una vista bonita para la tarde. El servicio fue muy bueno y el mesero muy atento. Escribanme a info@mercado93.co si quieren la foto.
438,Paul's Mcarne Feast Palace,4,El plato venia flojo preparado y la carne seca. La iluminacion del salon es calida. La música acompana sin tapar la conversacion. Hubo demora en la cocina y nadie nos aviso. El espacio es amplio y se siente tranquilo.
439,La Verdura Inquieta,3,Nos cobraron un valor distinto al de la carta. Es un lugar económico para el tamaño de las porciones. Manejan una promocion de almuerzo que vale la pena. El valor de los platos esta por debajo del promedio de la zona. La cuenta salio cara y la factura traia cobros que no pedimos. La cuenta salio cara y la factura traia cobros que no pedimos. El personal es amable y resuelve cualquier duda. Mas fotos en info@mercado93.co.
440,Muuu Said the Happy Cow,1,El postre estaba deficiente y sin gracia. La decoración esta descuidada y la luz muy fuerte. La musica acompaña sin tapar la conversacion. Las mesas están bien separadas y el sitio es silencioso. El plato venia flojo preparado y la carne seca. La decoración esta descuidada y la luz muy fuerte. Mas fotos en contacto@resto.co.
441,La Terraza del Chico,3,Habia mucho ruido y el espacio mal ventilado. La porcion fue pequena para lo que ofrece el menu. Pagar aqui se siente razonable por lo que sirven. Manejan una promocion de almuerzo que vale la pena. Manejan una promocion de almuerzo que vale la pena. La música acompana sin tapar la conversacion. Tienen precios claros y la factura llega detallada. El precio de la carta me parecio deficiente para lo que sirven.
442,La Terraza del Chico,1,EL SERVICIO FUE DELICIOSO Y EL MESERO MUY ATENTO. EL PLATO VENIA FLOJO PREPARADO Y LA CARNE SECA. PUSIMOS UN RECLAMO Y NADIE RESPONDIÓ. NOS ATENDIERON RÁPIDO Y CON AMABILIDAD. ESPERAMOS MUCHO TIEMPO POR LA CUENTA. PAGAMOS $9.800 EN TOTAL.
443,El Pirata del Sabor Vegano,3,EL LUGAR SE SENTIA ESTRECHO Y LAS SILLAS INCOMODAS. EL PRECIO ES EXCELENTE PARA LA CALIDAD QUE OFRECEN. LA ATENCION HIZO LA DIFERENCIA EN LA VISITA.
444,Vegan Island,4,La decoración esta descuidada y la luz muy fuerte. El descuento del dia deja la cuenta muy barata. Nos ubicaron en la mesa apenas llegamos. La música estaba demasiado alta para conversar. Pusimos un reclamo y nadie respondió. Nos ubicaron en la mesa apenas llegamos. Las mesas están bien separadas y el sitio es silencioso. Esperamos mucho tiempo por la cuenta. Hubo demora en la cocina y nadie nos aviso.
445,Mercado 93,5,El espacio es amplio y se siente tranquilo. El lugar estaba limpio y las sillas comodas. La comida estuvo muy bueno y el sabor de los platos me sorprendio.
446,Muuu Said the Happy Cow,1,La comida llego fria y sin sabor. Pagamos mucho por una porcion pequena. La atencion en la mesa estuvo pendiente todo el tiempo. La atencion en la mesa estuvo pendiente todo el tiempo. Es un lugar económico para el tamaño de las porciones. El mesero reviso el pedido antes de traerlo. Los precios subieron y ya no es económico. La comida llego fria y sin sabor.
447,Paul's Mcarne Feast Palace,3,Las verduras estaban frescas y bien condimentadas. El sitio no estaba limpio cuando llegamos. Hubo demora en la cocina y nadie nos aviso. La decoración y la luz hacen agradable el espacio. El lugar estaba limpio y las sillas comodas. La musica acompana sin tapar la conversacion. La promocion que anuncian no aplicaba al pagar. El postre estaba flojo y sin gracia. Reservas al 310 555 12 34.!!!
448,Muuu Said the Happy Cow,3,Es un lugar economico para el tamano de las porciones. La música acompaña sin tapar la conversacion. Hubo demora en la cocina y nadie nos aviso. El lugar estaba limpio y las sillas comodas.!!!
449,Vegan Island,4,Nos atendieron rápido y con amabilidad. El mesero reviso el pedido antes de traerlo. El precio de la carta me parecio pésimo para lo que sirven. Las verduras estaban frescas y bien condimentadas. Nos cobraron un valor distinto al de la carta. La cuenta salió cara y la factura traia cobros que no pedimos. Pusimos un reclamo y nadie respondió.
450,El Pirata del Sabor Vegano,4,Los ingredientes se sentian frescos y la porción generosa. Pedimos verduras y llegaron recalentadas. Nos ubicaron en la mesa apenas llegamos. Nos ubicaron en la mesa apenas llegamos. Nos ubicaron en la mesa apenas llegamos. Los ingredientes se sentian frescos y la porción generosa. El plato principal llego bien preparado y con una sazón deliciozo. Las verduras estaban frescas y bien condimentadas.
451,Paul's Mcarne Feast Palace,3,El plato venia mal preparado y la carne seca. El postre estaba flojo y sin gracia. El sitio no estaba limpio cuando llegamos. El plato principal llego bien preparado y con una sazón notable. La decoración esta descuidada y la luz muy fuerte. Reservas al 6012345678.
452,Casa Sazon,2,La cuenta salió cara y la factura traia cobros que no pedimos. La sazón del plato quedo desbalanceada y demasiado salada. Los precios subieron y ya no es económico. El lugar se sentia estrecho y las sillas incomodas. Cobran la propina sin avisar y el valor final sube. Pagar aqui se siente razonable por lo que sirven. La cuenta fue de $32.500.
453,Casa Sazon,2,HABIA MUCHO RUIDO Y EL ESPACIO MAL VENTILADO. EL MESERO SE EQUIVOCÓ CON EL PEDIDO DE LA MESA. LA ATENCIÓN HIZO LA DIFERENCIA EN LA VISITA. EL PERSONAL NO ESTABA PENDIENTE DE LAS MESAS. LA SAZON DEL PLATO QUEDÓ DESBALANCEADA Y DEMASIADO SALADA. LOS PRECIOS SUBIERON Y YA NO ES ECONOMICO.
454,La Verdura Inquieta,4,El servicio fue flojo y tuvimos que llamar varias veces. La terraza tiene una vista bonita para la tarde. Pusimos un reclamo y nadie respondio. El mesero reviso el pedido antes de traerlo. El servicio fue deficiente y tuvimos que llamar varias veces. La atención en la mesa estuvo pendiente todo el tiempo. Habia mucho ruido y el espacio mal ventilado. Esperamos mucho tiempo por la cuenta. La atención hizo la diferencia en la visita. Escribanme a contacto@resto.co si quieren la foto.
455,Muuu Said the Happy Cow,5,La música estaba demasiado alta para conversar. La presentación del plato acompaña el sabor. El espacio es amplio y se siente tranquilo.
456,Vegan Island,1,El plato venia pésimo preparado y la carne seca. Los ingredientes no se sentian frescos. Los ingredientes no se sentian frescos. La comida llegó fria y sin sabor.
457,La Terraza del Chico,2,LA PORCIÓN FUE PEQUENA PARA LO QUE OFRECE EL MENU. LA COMIDA ESTUVO DELICIOSO Y EL SABOR DE LOS PLATOS ME SORPRENDIÓ. LA COMIDA LLEGO FRIA Y SIN SABOR. EL MENU TIENE VARIEDAD Y CADA PLATO MANTIENE LA CALIDAD.
458,Paul's Mcarne Feast Palace,2,La terraza tiene una vista bonita para la tarde. La decoracion esta descuidada y la luz muy fuerte. Tomaron el pedido rapido y llegó sin errores. El menu tiene variedad y cada plato mantiene la calidad. La comida estuvo muy bueno y el sabor de los platos me sorprendió. Habia mucho ruido y el espacio mal ventilado. La iluminación del salon es calida. El sitio no estaba limpio cuando llegamos. Escribanme a contacto@resto.co si quieren la foto.
459,La Terraza del Chico,5,COBRAN LA PROPINA SIN AVISAR Y EL VALOR FINAL SUBE. LA CUENTA FUE ECONOMICA Y EL VALOR ESTA JUSTIFICADO. LA ATENCIÓN HIZO LA DIFERENCIA EN LA VISITA. EL MESERO REVISO EL PEDIDO ANTES DE TRAERLO. EL MESERO REVISO EL PEDIDO ANTES DE TRAERLO. NOS ATENDIERON RÁPIDO Y CON AMABILIDAD. EL PERSONAL ES AMABLE Y RESUELVE CUALQUIER DUDA. EL MESERO SE EQUIVOCÓ CON EL PEDIDO DE LA MESA.
460,Paul's Mcarne Feast Palace,4,"EL SERVICIO FUE FLOJO Y TUVIMOS QUE LLAMAR VARIAS VECES. LA SAZÓN DEL PLATO QUEDO DESBALANCEADA Y DEMASIADO SALADA. LA COMIDA ESTUVO NOTABLE Y EL SABOR DE LOS PLATOS ME SORPRENDIÓ. PEDIMOS LA CARNE Y QUEDO EN SU PUNTO EXACTO. TIENEN PRECIOS CLAROS Y LA FACTURA LLEGA DETALLADA. PEDIMOS LA CARNE Y QUEDO EN SU PUNTO EXACTO. EL AMBIENTE DEL LUGAR ES DELICIOSO Y MUY ACOGEDOR. EL POSTRE CERRO LA COMIDA DE FORMA DELICIOSO. VALE 12 MIL, OJO CON ESO."
461,Muuu Said the Happy Cow,4,"Manejan una promocion de almuerzo que vale la pena. El descuento del dia deja la cuenta muy barata. El costo no corresponde con la calidad. La decoracion y la luz hacen agradable el espacio. La terraza tiene una vista bonita para la tarde. El ambiente era pésimo por el ruido de la calle. La terraza tiene una vista bonita para la tarde. Vale 18 mil, ojo con eso."
462,El Pirata del Sabor Vegano,3,Esperamos mucho tiempo por la cuenta. La espera para que tomaran el pedido fue larga. La atencion en la mesa estuvo pendiente todo el tiempo. Esperamos mucho tiempo por la cuenta. El personal no estaba pendiente de las mesas. Nos atendieron rápido y con amabilidad. El servicio fue excelente y el mesero muy atento. Hubo demora en la cocina y nadie nos aviso.
463,La Verdura Inquieta,4,Tienen precios claros y la factura llega detallada. La cuenta fue economica y el valor esta justificado. El precio es correcto para la calidad que ofrecen. La cuenta fue economica y el valor esta justificado. La cuenta salió cara y la factura traia cobros que no pedimos. Es un lugar económico para el tamaño de las porciones.
464,Mercado 93,2,"Es un lugar economico para el tamaño de las porciones. El mesero se equivocó con el pedido de la mesa. La terraza estaba cerrada y no avisaron. Vale 18 mil, ojo con eso."
465,El Pirata del Sabor Vegano,3,La terraza estaba cerrada y no avisaron. La atención fue distante y poco cortes. La espera para que tomaran el pedido fue larga. El zervicio fue deficiente y tuvimos que llamar varias veces. El sitio no estaba limpio cuando llegamos. La atención hizo la diferencia en la visita.
466,Muuu Said the Happy Cow,3,El ambiente del lugar es notable y muy acogedor. Pagar aqui se siente razonable por lo que sirven. La iluminación del salon es calida. El menu tiene variedad y cada plato mantiene la calidad. El lugar se sentia estrecho y las sillas incomodas. El ambiente era deficiente por el ruido de la calle. El sitio no estaba limpio cuando llegamos. La música acompana sin tapar la conversacion. Los ingredientes no se sentian frescos.
467,La Terraza del Chico,2,El costo no corresponde con la calidad. Los precios subieron y ya no es económico. El costo no corresponde con la calidad. La decoración esta descuidada y la luz muy fuerte. Cobran la propina sin avisar y el valor final sube. La cuenta fue de $76.400.
468,La Terraza del Chico,4,"Nos cobraron un valor distinto al de la carta. El descuento del dia deja la cuenta muy barata. El mesero explicó el menu con paciencia y fue cortés. La atención en la mesa estuvo pendiente todo el tiempo. La atención en la mesa estuvo pendiente todo el tiempo. La cuenta salio cara y la factura traia cobros que no pedimos. El precio de la carta me parecio mal para lo que sirven. Vale 25 mil, ojo con eso."
469,Paul's Mcarne Feast Palace,4,La decoracion y la luz hacen agradable el espacio. La iluminación del salon es cálida. El sitio no estaba limpio cuando llegamos. El sitio no estaba limpio cuando llegamos. La musica acompana sin tapar la conversacion. El lugar se sentia estrecho y las sillas incomodas. Las mesas están bien separadas y el sitio es silencioso. La terraza tiene una vista bonita para la tarde. La terraza tiene una vista bonita para la tarde.
470,El Pirata del Sabor Vegano,4,La decoracion y la luz hacen agradable el espacio. La decoracion esta descuidada y la luz muy fuerte. El ambiente era flojo por el ruido de la calle. La musica estaba demasiado alta para conversar. Las mesas están bien separadas y el sitio es silencioso. La musica estaba demasiado alta para conversar. Pedimos la carne y quedó en su punto exacto. El mesero explicó el menu con paciencia y fue cortes. La iluminacion del salon es cálida.
471,La Verdura Inquieta,3,La cuenta salió cara y la factura traia cobros que no pedimos. El precio de la carta me parecio pesimo para lo que sirven. Nos cobraron un valor distinto al de la carta. La cuenta salió cara y la factura traia cobros que no pedimos. Pagar aqui se siente razonable por lo que sirven. Manejan una promocion de almuerzo que vale la pena. Mas fotos en contacto@resto.co.
472,Vegan Island,4,La cuenta fue economica y el valor esta justificado. Las verduras estaban frescas y bien condimentadas. El plato venia regular preparado y la carne seca. El postre cerro la comida de forma muy bueno. El postre cerro la comida de forma notable. El postre cerro la comida de forma delicioso. El plato principal llegó bien preparado y con una sazón muy bueno. Pedimos verduras y llegaron recalentadas. Pagamos $45.000 en total.
473,La Terraza del Chico,5,El postre cerro la comida de forma delicioso. Manejan una promocion de almuerzo que vale la pena. Manejan una promocion de almuerzo que vale la pena. Pagar aqui se siente razonable por lo que sirven. La sazón de la casa es lo mejor del menu. El valor de los platos esta por debajo del promedio de la zona. El espacio es amplio y se siente tranquilo. El postre estaba flojo y sin gracia. Es un lugar económico para el tamaño de las porciones.!!!
474,Paul's Mcarne Feast Palace,2,Pedimos verduras y llegaron recalentadas. Las verduras estaban frescas y bien condimentadas. La música estaba demasiado alta para conversar. El sabor no corresponde a lo que promete la carta. La decoracion esta descuidada y la luz muy fuerte. El plato venia flojo preparado y la carne seca. Pedimos la carne y quedó en su punto exacto. La presentacion del plato acompaña el sabor. Llamen al 320 444 9911 antes de ir.
475,El Pirata del Sabor Vegano,3,Los ingredientes se sentian frescos y la porción generosa. El sabor no corresponde a lo que promete la carta. Pedimos la carne y quedo en su punto exacto. La porción fue pequena para lo que ofrece el menu. Las verduras estaban frescas y bien condimentadas. Nos atendieron rápido y con amabilidad.
476,La Terraza del Chico,4,LA SAZON DEL PLATO QUEDÓ DESBALANCEADA Y DEMASIADO SALADA. LA SAZON DEL PLATO QUEDÓ DESBALANCEADA Y DEMASIADO SALADA. LA SAZON DE LA CASA ES LO MEJOR DEL MENU. LA PRESENTACION DEL PLATO ACOMPAÑA EL SABOR. EL POSTRE ESTABA FLOJO Y SIN GRACIA. LA COMNIDA ESTUVO CORRECTO Y EL SABOR DE LOS PLATOS ME SORPRENDIO. MAS FOTOS EN RESERVAS@CASASAZON.COM.CO.
477,La Verdura Inquieta,4,El mesero reviso el pedido antes de traerlo. El lugar se sentia estrecho y las sillas incomodas. Nos ubicaron en la mesa apenas llegamos.
478,El Pirata del Sabor Vegano,4,"La música estaba demasiado alta para conversar. La atención en la mesa estuvo pendiente todo el tiempo. La decoración esta descuidada y la luz muy fuerte. Esperamos mucho tiempo por la cuenta. La iluminación del salon es cálida. El personal es amable y resuelve cualquier duda. Vale 12 mil, ojo con eso."
479,La Terraza del Chico,2,La sazón de la casa es lo mejor del menu. El sabor no corresponde a lo que promete la carta. Pedimos verduras y llegaron recalentadas. Pagamos mucho por una porción pequena. El sabor no corresponde a lo que promete la carta. La comida estuvo muy bueno y el sabor de los platos me sorprendió. El sabor no corresponde a lo que promete la carta. La comida llegó fria y sin sabor.
480,Vegan Island,4,Cobran la propina sin avisar y el valor final sube. El sitio no estaba limpio cuando llegamos. El lugar estaba limpio y las sillas comodas. Cobran la propina sin avisar y el valor final sube.!!!
481,Paul's Mcarne Feast Palace,5,La atencion en la mesa estuvo pendiente todo el tiempo. La atencion en la mesa estuvo pendiente todo el tiempo. El espacio es amplio y se siente tranquilo. El servicio fue delicioso y el mesero muy atento. La atencion hizo la diferencia en la visita. El servicio fue delicioso y el mesero muy atento. El servicio fue deficiente y tuvimos que llamar varias veces.
482,Casa Sazon,3,La porción fue pequena para lo que ofrece el menu. El servicio fue mal y tuvimos que llamar varias veces. La musica acompaña sin tapar la conversacion. La atención hizo la diferencia en la visita. La decoración y la luz hacen agradable el espacio. El sitio no estaba limpio cuando llegamos. Llamen al 3105551234 antes de ir.
483,Muuu Said the Happy Cow,3,LAS MESAS ESTÁN BIEN SEPARADAS Y EL SITIO ES SILENCIOSO. LOS INGREDIENTES NO SE SENTIAN FRESCOS. EL PERSONAL ES AMABLE Y RESUELVE CUALQUIER DUDA. HUBO DEMORA EN LA COCINA Y NADIE NOS AVISO. TOMARON EL PEDIDO RÁPIDO Y LLEGO SIN ERRORES.
484,Casa Sazon,4,El costo no corresponde con la calidad. La iluminación del salon es cálida. Pagar aqui se siente razonable por lo que sirven. Tienen precios claros y la factura llega detallada. Reservas al 6012345678.
485,Paul's Mcarne Feast Palace,3,El precio de la carta me parecio pésimo para lo que sirven. Tienen precios claros y la factura llega detallada. Es un lugar economico para el tamaño de las porciones. Llamen al 3105551234 antes de ir.
486,Casa Sazon,4,El costo no corresponde con la calidad. El servicio fue flojo y tuvimos que llamar varias veces. Tomaron el pedido rápido y llegó sin errores. La atención en la mesa estuvo pendiente todo el tiempo. El servicio fue delicioso y el mesero muy atento.
487,Vegan Island,5,La música acompaña sin tapar la conversacion. El menu tiene variedad y cada plato mantiene la calidad. La sazón de la casa es lo mejor del menu. La terraza tiene una vista bonita para la tarde. Pedimos verduras y llegaron recalentadas. El menu tiene variedad y cada plato mantiene la calidad. La comida llegó fria y sin sabor. El plato principal llegó bien preparado y con una sazón correcto. El plato principal llegó bien preparado y con una sazón correcto. La cuenta fue de $32.500.
488,El Pirata del Sabor Vegano,4,PEDIMOS VERDURAS Y LLEGARON RECALENTADAS. LA PORCIÓN FUE PEQUENA PARA LO QUE OFRECE EL MENU. EL DESCUENTO DEL DIA DEJA LA CUENTA MUY BARATA. LOS PRECIOS SUBIERON Y YA NO ES ECONOMICO. TIENEN PRECIOS CLAROS Y LA FACTURA LLEGA DETALLADA. MANEJAN UNA PROMOCION DE ALMUERZO QUE VALE LA PENA. EL POSTRE CERRO LA COMIDA DE FORMA MUY BUENO. PAGAMOS $9.800 EN TOTAL.
489,Vegan Island,4,"La terraza estaba cerrada y no avisaron. El sitio no estaba limpio cuando llegamos. La terraza estaba cerrada y no avisaron. La iluminación del salon es cálida. Nos ubicaron en la mesa apenas llegamos. La decoración y la luz hacen agradable el espacio. Vale 40 mil, ojo con eso."
490,Vegan Island,1,HUBO DEMORA EN LA COCINA Y NADIE NOS AVISO. EL MESERO EXPLICÓ EL MENU CON PACIENCIA Y FUE CORTES. LA PROMOCION QUE ANUNCIAN NO APLICABA AL PAGAR. LA ESPERA PARA QUE TOMARAN EL PEDIDO FUE LARGA. PUSIMOS UN RECLAMO Y NADIE RESPONDIÓ. EL MESERO SE EQUIVOCÓ CON EL PEDIDO DE LA MESA. EL MESERO SE EQUIVOCÓ CON EL PEDIDO DE LA MESA. PUSIMOS UN RECLAMO Y NADIE RESPONDIÓ. LA ATENCION FUE DISTANTE Y POCO CORTES. RESERVAS AL 6012345678.
491,Vegan Island,4,Cobran la propina sin avisar y el valor final sube. Las mesas están bien separadas y el sitio es silencioso. La terraza tiene una vista bonita para la tarde. El lugar estaba limpio y las sillas comodas. El sitio no estaba limpio cuando llegamos. Pagar aqui se siente razonable por lo que sirven. La decoración esta descuidada y la luz muy fuerte.
492,La Verdura Inquieta,3,ESPERAMOS MUCHO TIEMPO POR LA CUENTA. LA CUENTA SALIÓ CARA Y LA FACTURA TRAIA COBROS QUE NO PEDIMOS. EL PERSONAL ES AMABLE Y RESUELVE CUALQUIER DUDA. LA CUENTA FUE DE $120.000.
493,Casa Sazon,3,El precio es notable para la calidad que ofrecen. Los ingredientes se sentian frescos y la porcion generosa. Pagar aqui se siente razonable por lo que sirven. La comida estuvo muy bueno y el sabor de los platos me sorprendió. Hubo demora en la cocina y nadie nos aviso. El postre estaba pésimo y sin gracia. Tomaron el pedido rápido y llegó sin errores.
494,La Verdura Inquieta,4,El presio es notable para la calidad que ofrecen. La cuenta fue economica y el valor esta justificado. Las verduras estaban frescas y bien condimentadas. Nos cobraron un valor distinto al de la carta. El descuento del dia deja la cuenta muy barata. El precio es correcto para la calidad que ofrecen. Es un lugar económico para el tamaño de las porciones. Es un lugar económico para el tamaño de las porciones.
495,El Pirata del Sabor Vegano,4,El plato venia regular preparado y la carne seca. Manejan una promocion de almuerzo que vale la pena. La comida llego fria y sin sabor. Tienen precios claros y la factura llega detallada. El mesero explicó el menu con paciencia y fue cortés. El mesero reviso el pedido antes de traerlo. La comida llego fria y sin sabor.
496,Mercado 93,3,La espera para que tomaran el pedido fue larga. El sitio no estaba limpio cuando llegamos. La atención fue distante y poco cortés. Nos ubicaron en la mesa apenas llegamos. La atención fue distante y poco cortés. Hubo demora en la cocina y nadie nos aviso. La terraza estaba cerrada y no avisaron.
497,El Pirata del Sabor Vegano,4,Manejan una promocion de almuerzo que vale la pena. La música estaba demasiado alta para conversar. El costo no corresponde con la calidad.
498,Vegan Island,5,EL LUGAR SE SENTIA ESTRECHO Y LAS SILLAS INCOMODAS. EL MESERO EXPLICÓ EL MENU CON PACIENCIA Y FUE CORTÉS. TOMARON EL PEDIDO RÁPIDO Y LLEGÓ SIN ERRORES. LA MUSICA ESTABA DEMASIADO ALTA PARA CONVERSAR. PAGAMOS $76.400 EN TOTAL.
499,La Verdura Inquieta,3,El zervicio fue mal y tuvimos que llamar varias veces. El mesero se equivoco con el pedido de la mesa. El personal no estaba pendiente de las mesas.
500,La Terraza del Chico,4,Pusimos un reclamo y nadie respondió. La terraza tiene una vista bonita para la tarde. Nos ubicaron en la mesa apenas llegamos. La atención fue distante y poco cortés. La música acompaña sin tapar la conversacion. La atención en la mesa estuvo pendiente todo el tiempo. La espera para que tomaran el pedido fue larga.
501,Paul's Mcarne Feast Palace,4,El menu tiene variedad y cada plato mantiene la calidad. El sabor no corresponde a lo que promete la carta. El descuento del dia deja la cuenta muy barata. El valor de los platos esta por debajo del promedio de la zona.
502,Vegan Island,2,LA MUSICA ESTABA DEMASIADO ALTA PARA CONVERSAR. LA ESPERA PARA QUE TOMARAN EL PEDIDO FUE LARGA. PUSIMOS UN RECLAMO Y NADIE RESPONDIÓ. EL AMBIENTE DEL LUGAR ES CORRECTO Y MUY ACOGEDOR. LA TERRAZA TIENE UNA VISTA BONITA PARA LA TARDE. EL SITIO NO ESTABA LIMPIO CUANDO LLEGAMOS. LA TERRAZA ESTABA CERRADA Y NO AVISARON.
503,Muuu Said the Happy Cow,4,Nos cobraron un valor distinto al de la carta. La atención en la mesa estuvo pendiente todo el tiempo. Tomaron el pedido rápido y llego sin errores. Tomaron el pedido rápido y llego sin errores. Es un lugar económico para el tamano de las porciones. Esperamos mucho tiempo por la cuenta. Nos atendieron rápido y con amabilidad.
504,Casa Sazon,3,"La cuenta fue economica y el valor esta justificado. Pagar aqui se siente razonable por lo que sirven. Es un lugar económico para el tamaño de las porciones. Pagar aqui se siente razonable por lo que sirven. La espera para que tomaran el pedido fue larga. El valor de los platos esta por debajo del promedio de la zona. Es un lugar económico para el tamaño de las porciones. El valor de los platos esta por debajo del promedio de la zona. Los precios subieron y ya no es económico. Vale 60 mil, ojo con eso."
505,Muuu Said the Happy Cow,4,El personal no estaba pendiente de las mesas. El mesero reviso el pedido antes de traerlo. Los ingredientes se sentian frescos y la porcion generosa. El plato principal llegó bien preparado y con una sazon muy bueno. Mas fotos en ana.mesa+resenas@gmail.com.
506,Mercado 93,3,"La espera para que tomaran el pedido fue larga. El personal no estaba pendiente de las mesas. El precio de la carta me parecio pésimo para lo que sirven. El personal no estaba pendiente de las mesas. La cuenta fue economica y el valor esta justificado. La atención en la mesa estuvo pendiente todo el tiempo. El valor de los platos esta por debajo del promedio de la zona. El servicio fue muy bueno y el mesero muy atento. Vale 40 mil, ojo con eso."
507,Paul's Mcarne Feast Palace,4,LA COMIDA LLEGÓ FRIA Y SIN SABOR. LA PRESENTACIÓN DEL PLATO ACOMPAÑA EL SABOR. LA PRESENTACIÓN DEL PLATO ACOMPAÑA EL SABOR. LOS INGREDIENTES NO SE SENTIAN FRESCOS. EL MENU TIENE VARIEDAD Y CADA PLATO MANTIENE LA CALIDAD.
508,El Pirata del Sabor Vegano,5,Pagar aqui se siente razonable por lo que sirven. El plato principal llego bien preparado y con una sazón excelente. Las verduras estaban frescas y bien condimentadas. El postre estaba deficiente y sin gracia. El menu tiene variedad y cada plato mantiene la calidad. Reservas al 320 444 9911.
509,La Terraza del Chico,2,El sabor no corresponde a lo que promete la carta. El menu tiene variedad y cada plato mantiene la calidad. Los ingredientes se sentian frescos y la porción generosa. La cuenta fue de $45.000.
510,La Terraza del Chico,2,El sitio no estaba limpio cuando llegamos. El sabor no corresponde a lo que promete la carta. La sazon del plato quedó desbalanceada y demasiado salada. La sazon de la casa es lo mejor del menu. Pedimos la carne y quedó en su punto exacto. Pusimos un reclamo y nadie respondio. La comida llego fria y sin sabor.
511,La Terraza del Chico,4,Pedimos la carne y quedó en su punto exacto. Los ingredientes se sentian frescos y la porción generosa. La atención en la mesa estuvo pendiente todo el tiempo. El zervicio fue deficiente y tuvimos que llamar varias veces. La atención en la mesa estuvo pendiente todo el tiempo. Hubo demora en la cocina y nadie nos aviso. Pedimos verduras y llegaron recalentadas. La atención fue distante y poco cortés. El personal no estaba pendiente de las mesas.
512,Paul's Mcarne Feast Palace,4,El ambiente era pesimo por el ruido de la calle. La iluminacion del salon es cálida. La decoración y la luz hacen agradable el espacio.
513,La Terraza del Chico,2,El postre estaba deficiente y sin gracia. Los precios subieron y ya no es económico. El mesero reviso el pedido antes de traerlo. La comida llegó fria y sin sabor.
514,Vegan Island,3,EL SERVICIO FUE MAL Y TUVIMOS QUE LLAMAR VARIAS VECES. HABIA MUCHO RUIDO Y EL ESPACIO MAL VENTILADO. ESPERAMOS MUCHO TIEMPO POR LA CUENTA. COBRAN LA PROPINA SIN AVISAR Y EL VALOR FINAL SUBE. EL PERSONAL ES AMABLE Y RESUELVE CUALQUIER DUDA. EL PRECIO ES NOTABLE PARA LA CALIDAD QUE OFRECEN. EL SERVICIO FUE MAL Y TUVIMOS QUE LLAMAR VARIAS VECES. LA CUENTA FUE DE $45.000.!!!
515,La Terraza del Chico,3,La atencion en la mesa estuvo pendiente todo el tiempo. El personal no estaba pendiente de las mesas. Nos ubicaron en la mesa apenas llegamos. Pusimos un reclamo y nadie respondió. El personal es amable y resuelve cualquier duda. La cuenta fue de $120.000.
516,Casa Sazon,4,Los ingredientes no se sentian frescos. Nos ubicaron en la mesa apenas llegamos. El servicio fue mal y tuvimos que llamar varias veces. El postre estaba mal y sin gracia. La terraza tiene una vista bonita para la tarde. El postre estaba flojo y sin gracia. El lugar se sentia estrecho y las sillas incomodas. Pedimos la carne y quedó en su punto exacto. Escribanme a info@mercado93.co si quieren la foto.
517,La Terraza del Chico,3,Tomaron el pedido rápido y llegó sin errores. El precio de la carta me parecio flojo para lo que sirven. Hubo demora en la cocina y nadie nos aviso. Pusimos un reclamo y nadie respondió.
518,Mercado 93,5,El personal es amable y resuelve cualquier duda. El mesero explicó el menu con paciencia y fue cortés. La atención en la mesa estuvo pendiente todo el tiempo. El mesero explicó el menu con paciencia y fue cortés. El mesero se equivocó con el pedido de la mesa. La espera para que tomaran el pedido fue larga. El personal es amable y resuelve cualquier duda. Esperamos mucho tiempo por la cuenta.
519,Paul's Mcarne Feast Palace,4,El mesero se equivocó con el pedido de la mesa. Pagar aqui se siente razonable por lo que sirven. El valor de los platos esta por debajo del promedio de la zona. El precio es correcto para la calidad que ofrecen. La sazón del plato quedó desbalanceada y demasiado salada. El costo no corresponde con la calidad. La presentación del plato acompana el sabor. El descuento del dia deja la cuenta muy barata. El descuento del dia deja la cuenta muy barata. Pagamos $120.000 en total.
520,Mercado 93,3,EL SABOR NO CORRESPONDE A LO QUE PROMETE LA CARTA. EL PERSONAL NO ESTABA PENDIENTE DE LAS MESAS. LA SAZÓN DEL PLATO QUEDÓ DESBALANCEADA Y DEMASIADO SALADA. LA PRESENTACIÓN DEL PLATO ACOMPAÑA EL SABOR. LOS INGREDIENTES SE SENTIAN FRESCOS Y LA PORCIÓN GENEROSA. LAS VERDURAS ESTABAN FRESCAS Y BIEN CONDIMENTADAS. LOS INGREDIENTES NO SE SENTIAN FRESCOS. LAS VERDURAS ESTABAN FRESCAS Y BIEN CONDIMENTADAS. LA PRESENTACIÓN DEL PLATO ACOMPAÑA EL SABOR. ESCRIBANME A ANA.MESA+RESENAS@GMAIL.COM SI QUIEREN LA FOTO.
521,La Terraza del Chico,1,La atención en la mesa estuvo pendiente todo el tiempo. Pusimos un reclamo y nadie respondió. El personal no estaba pendiente de las mesas. La espera para que tomaran el pedido fue larga. El personal no estaba pendiente de las mesas. Escribanme a reservas@casasazon.com.co si quieren la foto.
522,Vegan Island,2,Pusimos un reclamo y nadie respondió. Esperamos mucho tiempo por la cuenta. El precio de la carta me parecio deficiente para lo que sirven. Pagamos $120.000 en total.
523,Muuu Said the Happy Cow,3,El postre estaba deficiente y sin gracia. La sazón del plato quedó desbalanceada y demasiado salada. Las mesas están bien separadas y el sitio es silencioso. La sazón del plato quedó desbalanceada y demasiado salada.
524,Paul's Mcarne Feast Palace,3,Manejan una promocion de almuerzo que vale la pena. La cuenta salió cara y la factura traia cobros que no pedimos. El precio es notable para la calidad que ofrecen. La presentación del plato acompaña el sabor. Los ingredientes no se sentian frescos. Los precios subieron y ya no es económico. El postre estaba deficiente y sin gracia. La musica acompaña sin tapar la conversacion.
525,La Verdura Inquieta,3,La sazón del plato quedó desbalanceada y demasiado salada. La música acompana sin tapar la conversacion. Pedimos la carne y quedó en su punto exacto. La espera para que tomaran el pedido fue larga.
526,Muuu Said the Happy Cow,3,El descuento del dia deja la cuenta muy barata. Es un lugar económico para el tamaño de las porciones. Pagar aqui se siente razonable por lo que sirven. Manejan una promocion de almuerzo que vale la pena. La cuenta fue economica y el valor esta justificado. El costo no corresponde con la calidad. Tienen precios claros y la factura llega detallada.
527,Paul's Mcarne Feast Palace,3,La sazón de la casa es lo mejor del menu. Pedimos verduras y llegaron recalentadas. El precio es notable para la calidad que ofrecen. Nos atendieron rápido y con amabilidad. El postre estaba mal y sin gracia. El postre cerro la comida de forma notable.
528,Muuu Said the Happy Cow,2,La terraza estaba cerrada y no avisaron. La terraza tiene una vista bonita para la tarde. La música estaba demasiado alta para conversar. El espacio es amplio y se siente tranquilo. El lugar se sentia estrecho y las sillas incomodas. El lugar estaba limpio y las sillas comodas.!!!
529,La Verdura Inquieta,3,El precio es correcto para la calidad que ofrecen. La decoración y la luz hacen agradable el espacio. El plato principal llegó bien preparado y con una sazón excelente. El espacio es amplio y se siente tranquilo. La comida llegó fria y sin sabor. Tienen precios claros y la factura llega detallada. Habia mucho ruido y el espacio mal ventilado.
530,Mercado 93,4,Los precios subieron y ya no es económico. Pagar aqui se siente razonable por lo que sirven. Tienen precios claros y la factura llega detallada. Escribanme a reservas@casasazon.com.co si quieren la foto.
531,Casa Sazon,3,Habia mucho ruido y el espacio mal ventilado. Tomaron el pedido rápido y llegó sin errores. El costo no corresponde con la calidad. El mesero se equivocó con el pedido de la mesa.
532,Mercado 93,3,La música estaba demasiado alta para conversar. Pagamos mucho por una porción pequena. La decoración esta descuidada y la luz muy fuerte. El espacio es amplio y se siente tranquilo. Manejan una promocion de almuerzo que vale la pena. El precio es excelente para la calidad que ofrecen. La decoración esta descuidada y la luz muy fuerte. El servicio fue pésimo y tuvimos que llamar varias veces.
533,La Terraza del Chico,3,Los precios subieron y ya no es economico. El personal no estaba pendiente de las mesas. El ambiente era pésimo por el ruido de la calle. La atención hizo la diferencia en la visita. Esperamos mucho tiempo por la cuenta. La musica estaba demasiado alta para conversar. El servicio fue correcto y el mesero muy atento. Nos ubicaron en la mesa apenas llegamos.
534,Muuu Said the Happy Cow,5,El zervicio fue deficiente y tuvimos que llamar varias veces. Tomaron el pedido rápido y llegó sin errores. El mesero se equivocó con el pedido de la mesa.
535,El Pirata del Sabor Vegano,5,Nos atendieron rapido y con amabilidad. El personal no estaba pendiente de las mesas. Nos ubicaron en la mesa apenas llegamos. Nos atendieron rapido y con amabilidad. La atención hizo la diferencia en la visita.!!!
536,Muuu Said the Happy Cow,4,El lugar estaba limpio y las sillas comodas. El ambiente era deficiente por el ruido de la calle. La iluminación del salon es calida. La música acompaña sin tapar la conversacion. La terraza tiene una vista bonita para la tarde. El sabor no corresponde a lo que promete la carta. La música estaba demasiado alta para conversar.!!!
537,Vegan Island,3,HUBO DEMORA EN LA COCINA Y NADIE NOS AVISO. HUBO DEMORA EN LA COCINA Y NADIE NOS AVISO. TOMARON EL PEDIDO RÁPIDO Y LLEGÓ SIN ERRORES. LA ATENCIÓN FUE DISTANTE Y POCO CORTES. LA ATENCIÓN EN LA MESA ESTUVO PENDIENTE TODO EL TIEMPO. ESCRIBANME A CONTACTO@RESTO.CO SI QUIEREN LA FOTO.
538,Paul's Mcarne Feast Palace,3,El mesero reviso el pedido antes de traerlo. El sabor no corresponde a lo que promete la carta. El personal no estaba pendiente de las mesas. La sazon de la casa es lo mejor del menu.
539,Paul's Mcarne Feast Palace,2,La terraza tiene una vista bonita para la tarde. El lugar se sentia estrecho y las sillas incomodas. La decoracion esta descuidada y la luz muy fuerte. La decoracion esta descuidada y la luz muy fuerte. La música acompaña sin tapar la conversacion. La decoracion esta descuidada y la luz muy fuerte. El ambiente era flojo por el ruido de la calle.
540,Muuu Said the Happy Cow,5,El valor de los platos esta por debajo del promedio de la zona. El espacio es amplio y se siente tranquilo. La atención hizo la diferencia en la visita. Esperamos mucho tiempo por la cuenta. La decoración esta descuidada y la luz muy fuerte. Nos cobraron un valor distinto al de la carta. Nos cobraron un valor distinto al de la carta. Las mesas están bien separadas y el sitio es silencioso. Las mesas están bien separadas y el sitio es silencioso.!!!
541,Muuu Said the Happy Cow,2,La comida estuvo notable y el sabor de los platos me sorprendió. El espacio es amplio y se siente tranquilo. El ambiente era flojo por el ruido de la calle. Los ingredientes se sentian frescos y la porción generosa. El ambiente era deficiente por el ruido de la calle. El ambiente del lugar es deliciozo y muy acogedor. La comida llego fria y sin sabor. El ambiente era deficiente por el ruido de la calle.
542,Paul's Mcarne Feast Palace,3,El postre estaba mal y sin gracia. El ambiente era flojo por el ruido de la calle. La decoracion esta descuidada y la luz muy fuerte. El espacio es amplio y se siente tranquilo. El lugar estaba limpio y las sillas comodas. El servicio fue mal y tuvimos que llamar varias veces. La terraza tiene una vista bonita para la tarde. Los precios subieron y ya no es económico. El espacio es amplio y se siente tranquilo.
543,Casa Sazon,5,La porción fue pequena para lo que ofrece el menu. El menu tiene variedad y cada plato mantiene la calidad. El postre cerro la comida de forma correcto. El postre estaba deficiente y sin gracia. Las verduras estaban frescas y bien condimentadas. Pedimos la carne y quedó en su punto exacto. La presentacion del plato acompaña el sabor.
544,Vegan Island,4,El ambiente del lugar es notable y muy acogedor. El sitio no estaba limpio cuando llegamos. El espacio es amplio y se siente tranquilo. El ambiente era pésimo por el ruido de la calle. La música acompana sin tapar la conversacion.
545,El Pirata del Sabor Vegano,3,Esperamos mucho tiempo por la cuenta. El sitio no estaba limpio cuando llegamos. El espacio es amplio y se siente tranquilo. El descuento del dia deja la cuenta muy barata. El mesero se equivocó con el pedido de la mesa.
546,El Pirata del Sabor Vegano,5,Cobran la propina sin avisar y el valor final sube. Tomaron el pedido rápido y llego sin errores. La atención hizo la diferencia en la visita. La sazón de la casa es lo mejor del menu. La atención en la mesa estuvo pendiente todo el tiempo.
547,Vegan Island,3,Pusimos un reclamo y nadie respondió. El espacio es amplio y se siente tranquilo. El personal no estaba pendiente de las mesas. Nos atendieron rápido y con amabilidad. La atención hizo la diferencia en la visita. El zervicio fue correcto y el mesero muy atento.
548,El Pirata del Sabor Vegano,5,Nos atendieron rápido y con amabilidad. El mesero reviso el pedido antes de traerlo. Hubo demora en la cocina y nadie nos aviso. El servicio fue excelente y el mesero muy atento. El mesero se equivocó con el pedido de la mesa. El mesero se equivocó con el pedido de la mesa. El personal es amable y resuelve cualquier duda. El servicio fue flojo y tuvimos que llamar varias veces. Tomaron el pedido rápido y llegó sin errores.
549,Muuu Said the Happy Cow,3,Las mesas están bien separadas y el sitio es silencioso. El sitio no estaba limpio cuando llegamos. La sazon de la casa es lo mejor del menu. El zervicio fue deficiente y tuvimos que llamar varias veces. El mesero reviso el pedido antes de traerlo. La terraza estaba cerrada y no avisaron. La terraza estaba cerrada y no avisaron. El ambiente del lugar es muy bueno y muy acogedor.
550,El Pirata del Sabor Vegano,4,Pedimos la carne y quedó en su punto exacto. La música acompaña sin tapar la conversacion. La decoración y la luz hacen agradable el espacio. El ambiente era deficiente por el ruido de la calle. El espacio es amplio y se siente tranquilo. El ambiente del lugar es muy bueno y muy acogedor. Nos cobraron un valor distinto al de la carta. El ambiente del lugar es excelente y muy acogedor. El descuento del dia deja la cuenta muy barata. Reservas al 6012345678.
551,La Verdura Inquieta,4,Las mesas están bien separadas y el sitio es silencioso. El servicio fue flojo y tuvimos que llamar varias veces. El precio de la carta me parecio regular para lo que sirven. Esperamos mucho tiempo por la cuenta. Pagamos $32.500 en total.
552,El Pirata del Sabor Vegano,5,El mesero se equivocó con el pedido de la mesa. La atencion en la mesa estuvo pendiente todo el tiempo. La sazón de la casa es lo mejor del menu.
553,Muuu Said the Happy Cow,2,El ambiente del lugar es muy bueno y muy acogedor. Pagamos mucho por una porcion pequena. La decoración esta descuidada y la luz muy fuerte. La terraza estaba cerrada y no avisaron. La musica estaba demasiado alta para conversar. El ambiente era flojo por el ruido de la calle. Nos cobraron un valor distinto al de la carta. El espacio es amplio y se siente tranquilo. El lugar se sentia estrecho y las sillas incomodas. La cuenta fue de $76.400.!!!
554,Vegan Island,4,El sabor no corresponde a lo que promete la carta. La presentación del plato acompaña el sabor. El postre cerro la comida de forma excelente. Hubo demora en la cocina y nadie nos aviso. Los ingredientes se sentian frescos y la porción generosa. El postre estaba deficiente y sin gracia.
555,Paul's Mcarne Feast Palace,3,El mesero reviso el pedido antes de traerlo. La atención fue distante y poco cortes. La sazon del plato quedó desbalanceada y demasiado salada.
556,Vegan Island,3,El lugar se sentia estrecho y las sillas incomodas. El mesero reviso el pedido antes de traerlo. La decoración esta descuidada y la luz muy fuerte. La terraza tiene una vista bonita para la tarde.!!!
557,Vegan Island,3,El costo no corresponde con la calidad. La musica acompaña sin tapar la conversacion. El espacio es amplio y se siente tranquilo.!!!
558,La Terraza del Chico,3,El precio es delicioso para la calidad que ofrecen. El costo no corresponde con la calidad. Tienen precios claros y la factura llega detallada. La sazon del plato quedó desbalanceada y demasiado salada. Manejan una promocion de almuerzo que vale la pena. Pagar aqui se siente razonable por lo que sirven. Escribanme a reservas@casasazon.com.co si quieren la foto.
559,Mercado 93,2,La atención hizo la diferencia en la visita. El precio de la carta me parecio pésimo para lo que sirven. Es un lugar economico para el tamaño de las porciones. Cobran la propina sin avisar y el valor final sube. Reservas al 320 444 9911.
560,Muuu Said the Happy Cow,2,La iluminación del salon es cálida. El sitio no estaba limpio cuando llegamos. La terraza estaba cerrada y no avisaron. La decoración esta descuidada y la luz muy fuerte. El lugar se sentia estrecho y las sillas incomodas.
561,Mercado 93,3,Habia mucho ruido y el espacio mal ventilado. El mesero se equivocó con el pedido de la mesa. La terraza tiene una vista bonita para la tarde. La espera para que tomaran el pedido fue larga. El espacio es amplio y se siente tranquilo. Pedimos verduras y llegaron recalentadas. La atención en la mesa estuvo pendiente todo el tiempo. La iluminación del salon es cálida.
562,Muuu Said the Happy Cow,3,Esperamos mucho tiempo por la cuenta. Los ingredientes se sentian frescos y la porción generosa. El postre estaba regular y sin gracia. La atencion fue distante y poco cortés. Pedimos verduras y llegaron recalentadas. La comida llego fria y sin sabor. El personal no estaba pendiente de las mesas. El postre estaba pésimo y sin gracia. Nos atendieron rápido y con amabilidad.
563,Paul's Mcarne Feast Palace,4,EL MESERO REVISO EL PEDIDO ANTES DE TRAERLO. LA DECORACIÓN Y LA LUZ HACEN AGRADABLE EL ESPACIO. EL PRECIO ES DELICIOSO PARA LA CALIDAD QUE OFRECEN. PUSIMOS UN RECLAMO Y NADIE RESPONDIÓ. EL MESERO REVISO EL PEDIDO ANTES DE TRAERLO. LA ATENCIÓN FUE DISTANTE Y POCO CORTÉS. EL ESPACIO ES AMPLIO Y SE SIENTE TRANQUILO. EL ESPACIO ES AMPLIO Y SE SIENTE TRANQUILO.!!!
564,La Verdura Inquieta,5,LA ATENCIÓN FUE DISTANTE Y POCO CORTÉS. NOS ATENDIERON RÁPIDO Y CON AMABILIDAD. EL PLATO PRINCIPAL LLEGÓ BIEN PREPARADO Y CON UNA SAZÓN DELICIOSO. RESERVAS AL 601 555 1234.
565,El Pirata del Sabor Vegano,2,La espera para que tomaran el pedido fue larga. El postre estaba mal y sin gracia. La atención fue distante y poco cortes. El postre cerro la comida de forma correcto. El plato venia flojo preparado y la carne seca. Llamen al 3105551234 antes de ir.
566,Mercado 93,4,El zervicio fue correcto y el mesero muy atento. Nos atendieron rápido y con amabilidad. El precio de la carta me parecio regular para lo que sirven. Mas fotos en quejas@laterraza.com.
567,La Verdura Inquieta,4,La decoración y la luz hacen agradable el espacio. Manejan una promocion de almuerzo que vale la pena. Las mesas están bien separadas y el sitio es silencioso. El lugar se sentia estrecho y las sillas incomodas. Mas fotos en quejas@laterraza.com.
568,La Verdura Inquieta,4,El mesero reviso el pedido antes de traerlo. El personal es amable y resuelve cualquier duda. El servicio fue excelente y el mesero muy atento. Las mesas están bien separadas y el sitio es silencioso. El plato venia deficiente preparado y la carne seca. La cuenta fue economica y el valor esta justificado. Pedimos la carne y quedó en su punto exacto. El ambiente era mal por el ruido de la calle.
569,Muuu Said the Happy Cow,3,La comida estuvo delicioso y el sabor de los platos me sorprendió. La sazon del plato quedó desbalanceada y demasiado salada. La terraza estaba cerrada y no avisaron. La promocion que anuncian no aplicaba al pagar. El menu tiene variedad y cada plato mantiene la calidad. La sazon de la casa es lo mejor del menu. El sabor no corresponde a lo que promete la carta.
570,Casa Sazon,4,La sazon del plato quedo desbalanceada y demasiado salada. La presentación del plato acompaña el sabor. La comida estuvo delicioso y el sabor de los platos me sorprendió. Pedimos la carne y quedo en su punto exacto. La comida estuvo notable y el sabor de los platos me sorprendió. El menu tiene variedad y cada plato mantiene la calidad. El plato principal llegó bien preparado y con una sazon muy bueno. La presentación del plato acompaña el sabor.
571,La Verdura Inquieta,4,La promocion que anuncian no aplicaba al pagar. Tienen precios claros y la factura llega detallada. El personal es amable y resuelve cualquier duda.
572,El Pirata del Sabor Vegano,3,"El precio es muy bueno para la calidad que ofrecen. El precio es correcto para la calidad que ofrecen. La promocion que anuncian no aplicaba al pagar. Manejan una promocion de almuerzo que vale la pena. El descuento del dia deja la cuenta muy barata. Los precios subieron y ya no es económico. El valor de los platos esta por debajo del promedio de la zona. Cobran la propina sin avisar y el valor final sube. Vale 40 mil, ojo con eso."
573,Casa Sazon,5,El personal es amable y resuelve cualquier duda. La atención fue distante y poco cortés. El mesero se equivocó con el pedido de la mesa.
574,Muuu Said the Happy Cow,4,Los ingredientes se sentian frescos y la porción generosa. El plato venia mal preparado y la carne seca. Las verduras estaban frescas y bien condimentadas. El menu tiene variedad y cada plato mantiene la calidad. El lugar estaba limpio y las sillas comodas. Llamen al 601 555 1234 antes de ir.
575,Muuu Said the Happy Cow,4,El mesero reviso el pedido antes de traerlo. El personal es amable y resuelve cualquier duda. La sazón del plato quedo desbalanceada y demasiado salada. El espacio es amplio y se siente tranquilo. Tomaron el pedido rápido y llegó sin errores. La atención hizo la diferencia en la visita.
576,Casa Sazon,3,Probamos el plato picante y el sabor era intenso pero equilibrado. Pedimos la carne y quedo en su punto exacto. La cuenta fue economica y el valor esta justificado. Es un lugar económico para el tamano de las porciones. Cobran la propina sin avisar y el valor final sube. Probamos el plato picante y el sabor era intenso pero equilibrado. Los ingredientes no se sentian frescos. El menu tiene variedad y cada plato mantiene la calidad. Llamen al 320 444 9911 antes de ir.
577,Paul's Mcarne Feast Palace,2,La cuenta salió cara y la factura traia cobros que no pedimos. El precio de la carta me parecio deficiente para lo que sirven. La terraza estaba cerrada y no avisaron.
578,Paul's Mcarne Feast Palace,2,Pedimos verduras y llegaron recalentadas. El precio de la carta me parecio mal para lo que sirven. El plato venia regular preparado y la carne seca. Los ingredientes se sentian frescos y la porción generosa. Pedimos verduras y llegaron recalentadas. La comida llego fria y sin sabor. El menu tiene variedad y cada plato mantiene la calidad. La sazón del plato quedó desbalanceada y demasiado salada. La promocion que anuncian no aplicaba al pagar.
579,Paul's Mcarne Feast Palace,5,La sazón de la casa es lo mejor del menu. El mesero reviso el pedido antes de traerlo. El mesero explico el menu con paciencia y fue cortés. El personal no estaba pendiente de las mesas.
580,La Verdura Inquieta,3,El espacio es amplio y se siente tranquilo. El ambiente era deficiente por el ruido de la calle. La decoración esta descuidada y la luz muy fuerte. La decoración y la luz hacen agradable el espacio. La terraza tiene una vista bonita para la tarde. Las mesas están bien separadas y el sitio es silencioso. La iluminación del salon es cálida.
581,La Verdura Inquieta,4,El costo no corresponde con la calidad. La presentación del plato acompaña el sabor. La presentación del plato acompaña el sabor. Pagamos $32.500 en total.
582,Paul's Mcarne Feast Palace,4,Nos ubicaron en la mesa apenas llegamos. Nos atendieron rápido y con amabilidad. Hubo demora en la cocina y nadie nos aviso.
583,La Terraza del Chico,4,ESPERAMOS MUCHO TIEMPO POR LA CUENTA. PEDIMOS LA CARNE Y QUEDÓ EN SU PUNTO EXACTO. LA SAZON DE LA CASA ES LO MEJOR DEL MENU. EL POSTRE ESTABA DEFICIENTE Y SIN GRACIA. EL MENU TIENE VARIEDAD Y CADA PLATO MANTIENE LA CALIDAD. EL MENU TIENE VARIEDAD Y CADA PLATO MANTIENE LA CALIDAD. EL MENU TIENE VARIEDAD Y CADA PLATO MANTIENE LA CALIDAD. EL MENU TIENE VARIEDAD Y CADA PLATO MANTIENE LA CALIDAD.
584,Muuu Said the Happy Cow,5,TOMARON EL PEDIDO RAPIDO Y LLEGÓ SIN ERRORES. NOS ATENDIERON RAPIDO Y CON AMABILIDAD. NOS UBICARON EN LA MESA APENAS LLEGAMOS. LA PROMOCION QUE ANUNCIAN NO APLICABA AL PAGAR. EL LUGAR ESTABA LIMPIO Y LAS SILLAS COMODAS. RESERVAS AL 3105551234.
585,La Verdura Inquieta,5,Manejan una promocion de almuerzo que vale la pena. Probamos el plato picante y el sabor era intenso pero equilibrado. Probamos el plato picante y el sabor era intenso pero equilibrado. Manejan una promocion de almuerzo que vale la pena. La cuenta fue de $9.800.
586,Muuu Said the Happy Cow,2,Pagamos mucho por una porcion pequena. El costo no corresponde con la calidad. El sitio no estaba limpio cuando llegamos. Escribanme a contacto@resto.co si quieren la foto.
587,Mercado 93,3,El lugar se sentia estrecho y las sillas incomodas. La cuenta salió cara y la factura traia cobros que no pedimos. El precio de la carta me parecio deficiente para lo que sirven. El personal no estaba pendiente de las mesas. La decoracion y la luz hacen agradable el espacio. Habia mucho ruido y el espacio mal ventilado. Cobran la propina sin avisar y el valor final sube. Manejan una promocion de almuerzo que vale la pena.
588,Muuu Said the Happy Cow,3,El menu tiene variedad y cada plato mantiene la calidad. Hubo demora en la cocina y nadie nos aviso. El mesero reviso el pedido antes de traerlo. La iluminación del salon es calida.!!!
589,Mercado 93,3,El ambiente era flojo por el ruido de la calle. La porcion fue pequena para lo que ofrece el menu. La música estaba demasiado alta para conversar. La decoracion esta descuidada y la luz muy fuerte. El menu tiene variedad y cada plato mantiene la calidad. El plato principal llegó bien preparado y con una sazon muy bueno. La cuenta fue economica y el valor esta justificado. Los ingredientes no se sentian frescos. Llamen al 310 555 12 34 antes de ir.
590,Muuu Said the Happy Cow,2,El plato venia deficiente preparado y la carne seca. El postre estaba pésimo y sin gracia. Manejan una promocion de almuerzo que vale la pena. La cuenta fue economica y el valor esta justificado. Pagamos mucho por una porción pequena.
591,Mercado 93,3,"La terraza tiene una vista bonita para la tarde. El anbiente era deficiente por el ruido de la calle. La iluminacion del salon es cálida. Los ingredientes se sentian frescos y la porción generosa. El ambiente era flojo por el ruido de la calle. El ambiente del lugar es correcto y muy acogedor. El espacio es amplio y se siente tranquilo. Vale 25 mil, ojo con eso."
592,La Verdura Inquieta,2,La porción fue pequena para lo que ofrece el menu. Las mesas están bien separadas y el sitio es silencioso. La terraza estaba cerrada y no avisaron. El sabor no corresponde a lo que promete la carta.
593,La Verdura Inquieta,4,La porción fue pequena para lo que ofrece el menu. Nos atendieron rapido y con amabilidad. Cobran la propina sin avisar y el valor final sube. La atención fue distante y poco cortés. La terraza estaba cerrada y no avisaron. La atención hizo la diferencia en la visita. La porción fue pequena para lo que ofrece el menu. La promocion que anuncian no aplicaba al pagar. Tomaron el pedido rapido y llegó sin errores.
594,Casa Sazon,5,La comida estuvo correcto y el sabor de los platos me sorprendió. Pedimos la carne y quedó en su punto exacto. El valor de los platos esta por debajo del promedio de la zona. La sazón de la casa es lo mejor del menu. Cobran la propina sin avisar y el valor final sube. La promocion que anuncian no aplicaba al pagar. Pedimos la carne y quedó en su punto exacto.!!!
595,Muuu Said the Happy Cow,4,El mesero se equivocó con el pedido de la mesa. Nos ubicaron en la mesa apenas llegamos. El personal no estaba pendiente de las mesas. Esperamos mucho tiempo por la cuenta. La cuenta fue de $32.500.
596,El Pirata del Sabor Vegano,4,La decoración esta descuidada y la luz muy fuerte. El lugar estaba limpio y las sillas comodas. El personal es amable y resuelve cualquier duda. La música acompana sin tapar la conversacion. El lugar estaba limpio y las sillas comodas. La terraza tiene una vista bonita para la tarde. El lugar estaba limpio y las sillas comodas. Reservas al 6012345678.
597,Paul's Mcarne Feast Palace,5,El plato venia deficiente preparado y la carne seca. Los ingredientes se sentian frescos y la porcion generosa. La presentación del plato acompaña el sabor. Tomaron el pedido rápido y llego sin errores.
598,La Terraza del Chico,3,Hubo demora en la cocina y nadie nos aviso. La decoracion y la luz hacen agradable el espacio. La espera para que tomaran el pedido fue larga. La atención en la mesa estuvo pendiente todo el tiempo. El mesero explicó el menu con paciencia y fue cortes.
599,La Terraza del Chico,5,Las verduras estaban frescas y bien condimentadas. La comida estuvo notable y el sabor de los platos me sorprendió. La atención en la mesa estuvo pendiente todo el tiempo. El plato principal llegó bien preparado y con una sazón muy bueno. Las verduras estaban frescas y bien condimentadas. La atención fue distante y poco cortes. La comida llegó fria y sin sabor. El mesero reviso el pedido antes de traerlo.
600,Muuu Said the Happy Cow,4,"La sazón de la casa es lo mejor del menu. La promocion que anuncian no aplicaba al pagar. Las verduras estaban frescas y bien condimentadas. La promocion que anuncian no aplicaba al pagar. Nos atendieron rápido y con amabilidad. Nos atendieron rápido y con amabilidad. El valor de los platos esta por debajo del promedio de la zona. La comida llegó fria y sin sabor. Vale 12 mil, ojo con eso."
601,Mercado 93,5,Pusimos un reclamo y nadie respondió. Tomaron el pedido rápido y llegó sin errores. Tienen precios claros y la factura llega detallada. Pagar aqui se siente razonable por lo que sirven. El precio es correcto para la calidad que ofrecen. La cuenta fue economica y el valor esta justificado. El costo no corresponde con la calidad. Manejan una promocion de almuerzo que vale la pena. Nos atendieron rápido y con amabilidad. Reservas al 6012345678.
602,Mercado 93,5,La promocion que anuncian no aplicaba al pagar. Tienen precios claros y la factura llega detallada. El mesero se equivocó con el pedido de la mesa. El servicio fue delicioso y el mesero muy atento. La atencion fue distante y poco cortés. El mesero se equivocó con el pedido de la mesa.
603,La Verdura Inquieta,5,La terraza tiene una vista bonita para la tarde. Cobran la propina sin avisar y el valor final sube. La música estaba demasiado alta para conversar. El costo no corresponde con la calidad. Nos ubicaron en la mesa apenas llegamos. La espera para que tomaran el pedido fue larga. Cobran la propina sin avisar y el valor final sube.!!!
604,Mercado 93,5,Habia mucho ruido y el espacio mal ventilado. El espacio es amplio y se siente tranquilo. El sitio no estaba limpio cuando llegamos. La atención fue distante y poco cortés. El ambiente del lugar es excelente y muy acogedor. La atención fue distante y poco cortés. Tomaron el pedido rápido y llego sin errores. Tomaron el pedido rápido y llego sin errores. Reservas al 320 444 9911.
605,El Pirata del Sabor Vegano,5,"Tienen precios claros y la factura llega detallada. Manejan una promocion de almuerzo que vale la pena. El valor de los platos esta por debajo del promedio de la zona. El precio es correcto para la calidad que ofrecen. Nos ubicaron en la mesa apenas llegamos. Vale 40 mil, ojo con eso."
606,Paul's Mcarne Feast Palace,2,Habia mucho ruido y el espacio mal ventilado. El servicio fue excelente y el mesero muy atento. La espera para que tomaran el pedido fue larga. Mas fotos en quejas@laterraza.com.!!!
607,El Pirata del Sabor Vegano,3,El mesero explicó el menu con paciencia y fue cortés. El personal no estaba pendiente de las mesas. La promocion que anuncian no aplicaba al pagar. Tienen precios claros y la factura llega detallada. La cuenta salió cara y la factura traia cobros que no pedimos. El servicio fue mal y tuvimos que llamar varias veces. Tienen precios claros y la factura llega detallada. Llamen al 6012345678 antes de ir.
608,Muuu Said the Happy Cow,4,El presio es correcto para la calidad que ofrecen. Es un lugar económico para el tamaño de las porciones. Nos atendieron rápido y con amabilidad. El valor de los platos esta por debajo del promedio de la zona. Es un lugar económico para el tamaño de las porciones. La cuenta fue de $32.500.
609,Paul's Mcarne Feast Palace,2,"La comida llego fria y sin sabor. El sabor no corresponde a lo que promete la carta. El plato venia regular preparado y la carne seca. La música acompana sin tapar la conversacion. Vale 18 mil, ojo con eso."
610,La Verdura Inquieta,5,La terraza tiene una vista bonita para la tarde. Nos ubicaron en la mesa apenas llegamos. La terraza tiene una vista bonita para la tarde. El mesero explicó el menu con paciencia y fue cortes. El ambiente del lugar es ecxelente y muy acogedor. Escribanme a ana.mesa+resenas@gmail.com si quieren la foto.
611,La Verdura Inquieta,4,El plato principal llegó bien preparado y con una sazon notable. Habia mucho ruido y el espacio mal ventilado. Las mesas estan bien separadas y el sitio es silencioso. Cobran la propina sin avisar y el valor final sube. Probamos el plato picante y el sabor era intenso pero equilibrado. Reservas al 310 555 12 34.
612,El Pirata del Sabor Vegano,3,El postre cerro la comida de forma excelente. El plato principal llegó bien preparado y con una sazón excelente. Probamos el plato picante y el sabor era intenso pero equilibrado. Los ingredientes no se sentian frescos. El postre cerro la comida de forma excelente. Hubo demora en la cocina y nadie nos aviso. Los ingredientes no se sentian frescos. La decoración y la luz hacen agradable el espacio. El postre estaba mal y sin gracia.
613,Vegan Island,3,La música acompaña sin tapar la conversacion. Hubo demora en la cocina y nadie nos aviso. El postre cerro la comnida de forma muy bueno. Tomaron el pedido rápido y llegó sin errores. Los ingredientes no se sentian frescos. Nos atendieron rápido y con amabilidad. El lugar estaba limpio y las sillas comodas. El sabor no corresponde a lo que promete la carta. La terraza estaba cerrada y no avisaron. Escribanme a ana.mesa+resenas@gmail.com si quieren la foto.
614,El Pirata del Sabor Vegano,3,El ambiente era pésimo por el ruido de la calle. El ambiente del lugar es excelente y muy acogedor. La decoración y la luz hacen agradable el espacio.
615,La Terraza del Chico,3,El ambiente era regular por el ruido de la calle. La decoración esta descuidada y la luz muy fuerte. Las verduras estaban frescas y bien condimentadas. El lugar estaba limpio y las sillas comodas. El plato venia deficiente preparado y la carne seca.
616,Muuu Said the Happy Cow,4,La terraza tiene una vista bonita para la tarde. Habia mucho ruido y el espacio mal ventilado. La iluminación del salon es cálida. Las mesas estan bien separadas y el sitio es silencioso. La decoración y la luz hacen agradable el espacio. La decoración esta descuidada y la luz muy fuerte. El espacio es amplio y se siente tranquilo. Las mesas estan bien separadas y el sitio es silencioso.
617,El Pirata del Sabor Vegano,4,El lugar estaba limpio y las sillas comodas. El sabor no corresponde a lo que promete la carta. Nos cobraron un valor distinto al de la carta.
618,La Verdura Inquieta,2,Habia mucho ruido y el espacio mal ventilado. La terraza estaba cerrada y no avisaron. Hubo demora en la cocina y nadie nos aviso. El lugar se sentia estrecho y las sillas incomodas. La música estaba demasiado alta para conversar. El personal es amable y resuelve cualquier duda.
619,El Pirata del Sabor Vegano,4,La comnida llegó fria y sin sabor. El menu tiene variedad y cada plato mantiene la calidad. El postre estaba regular y sin gracia. Reservas al 601 555 1234.
620,Paul's Mcarne Feast Palace,3,La terraza estaba cerrada y no avisaron. El plato venia regular preparado y la carne seca. El sitio no estaba limpio cuando llegamos. El espacio es amplio y se siente tranquilo. La musica estaba demasiado alta para conversar. Pagamos $18.900 en total.
621,Vegan Island,4,Nos ubicaron en la mesa apenas llegamos. El postre estaba regular y sin gracia. El plato venia deficiente preparado y la carne seca. La atención fue distante y poco cortés.
622,Mercado 93,3,Nos ubicaron en la mesa apenas llegamos. Pedimos la carne y quedó en su punto exacto. La sazón del plato quedó desbalanceada y demasiado salada. El plato venia deficiente preparado y la carne seca. La iluminación del salon es calida. Nos ubicaron en la mesa apenas llegamos. Pedimos verduras y llegaron recalentadas.
623,La Verdura Inquieta,2,Los precios subieron y ya no es económico. El lugar se sentia estrecho y las sillas incomodas. El lugar se sentia estrecho y las sillas incomodas. El sabor no corresponde a lo que promete la carta. La decoración esta descuidada y la luz muy fuerte. La decoración esta descuidada y la luz muy fuerte. Manejan una promocion de almuerzo que vale la pena. El descuento del dia deja la cuenta muy barata.
624,Muuu Said the Happy Cow,4,El ambiente del lugar es delicioso y muy acogedor. El lugar estaba limpio y las sillas comodas. La terraza estaba cerrada y no avisaron. La terraza tiene una vista bonita para la tarde. La iluminacion del salon es cálida. Habia mucho ruido y el espacio mal ventilado. El postre cerro la comida de forma delicioso. El lugar estaba limpio y las sillas comodas. La decoración esta descuidada y la luz muy fuerte.
625,Muuu Said the Happy Cow,3,LA COMIDA LLEGÓ FRIA Y SIN SABOR. LA COMIDA LLEGÓ FRIA Y SIN SABOR. LOS INGREDIENTES SE SENTIAN FRESCOS Y LA PORCIÓN GENEROSA. EL POSTRE ESTABA PÉSIMO Y SIN GRACIA. EL SABOR NO CORRESPONDE A LO QUE PROMETE LA CARTA. EL MENU TIENE VARIEDAD Y CADA PLATO MANTIENE LA CALIDAD. LOS INGREDIENTES SE SENTIAN FRESCOS Y LA PORCIÓN GENEROSA. EL PLATO PRINCIPAL LLEGÓ BIEN PREPARADO Y CON UNA SAZÓN EXCELENTE.
626,El Pirata del Sabor Vegano,2,El ambiente era pésimo por el ruido de la calle. La decoracion esta descuidada y la luz muy fuerte. Pagamos mucho por una porcion pequena. La terraza tiene una vista bonita para la tarde. La terraza tiene una vista bonita para la tarde.
627,La Terraza del Chico,3,El ambiente era deficiente por el ruido de la calle. Nos cobraron un valor distinto al de la carta. El ambiente era mal por el ruido de la calle.
628,Paul's Mcarne Feast Palace,3,La terraza estaba cerrada y no avisaron. La comida llegó fria y sin sabor. La iluminación del salon es calida. La comida estuvo notable y el sabor de los platos me sorprendió. La sazón de la casa es lo mejor del menu. El menu tiene variedad y cada plato mantiene la calidad. El plato venia mal preparado y la carne seca. El menu tiene variedad y cada plato mantiene la calidad. La cuenta fue de $76.400.
629,Paul's Mcarne Feast Palace,4,Hubo demora en la cocina y nadie nos aviso. La atencion fue distante y poco cortés. El ambiente del lugar es correcto y muy acogedor. El precio de la carta me parecio mal para lo que sirven. Hubo demora en la cocina y nadie nos aviso. La cuenta fue economica y el valor esta justificado. Tienen precios claros y la factura llega detallada.
630,La Verdura Inquieta,4,La música acompaña sin tapar la conversacion. El espacio es amplio y se siente tranquilo. El sitio no estaba limpio cuando llegamos. Habia mucho ruido y el espacio mal ventilado. El ambiente del lugar es correcto y muy acogedor. La iluminación del salon es cálida. Habia mucho ruido y el espacio mal ventilado. El espacio es amplio y se siente tranquilo.
631,Muuu Said the Happy Cow,3,Nos ubicaron en la mesa apenas llegamos. Tomaron el pedido rápido y llegó sin errores. La terraza estaba cerrada y no avisaron. Tomaron el pedido rápido y llegó sin errores.
632,Vegan Island,4,Nos ubicaron en la mesa apenas llegamos. El mesero se equivocó con el pedido de la mesa. Pusimos un reclamo y nadie respondió. El mesero explico el menu con paciencia y fue cortés. La espera para que tomaran el pedido fue larga. La atención hizo la diferencia en la visita. La atención en la mesa estuvo pendiente todo el tiempo. El mesero reviso el pedido antes de traerlo. El personal es amable y resuelve cualquier duda.
633,Mercado 93,3,El precio es delicioso para la calidad que ofrecen. La promocion que anuncian no aplicaba al pagar. El mesero explicó el menu con paciencia y fue cortes. Pusimos un reclamo y nadie respondio. Pusimos un reclamo y nadie respondio. La atención fue distante y poco cortes. La cuenta salio cara y la factura traia cobros que no pedimos. Hubo demora en la cocina y nadie nos aviso. Tomaron el pedido rapido y llego sin errores.
634,Muuu Said the Happy Cow,3,El lugar se sentia estrecho y las sillas incomodas. El ambiente era pésimo por el ruido de la calle. La iluminación del salon es cálida. Las mesas están bien separadas y el sitio es silencioso. El lugar estaba limpio y las sillas comodas. La terraza tiene una vista bonita para la tarde. La comida llegó fria y sin sabor. La terraza tiene una vista bonita para la tarde.!!!
635,Casa Sazon,5,El mesero explico el menu con paciencia y fue cortés. La atención hizo la diferencia en la visita. El personal es amable y resuelve cualquier duda.
636,El Pirata del Sabor Vegano,2,Los ingredientes se sentian frescos y la porción generosa. Pedimos verduras y llegaron recalentadas. Los ingredientes no se sentian frescos. La porción fue pequena para lo que ofrece el menu. Los ingredientes no se sentian frescos.
637,La Verdura Inquieta,3,El servicio fue excelente y el mesero muy atento. Habia mucho ruido y el espacio mal ventilado. Habia mucho ruido y el espacio mal ventilado. Las mesas están bien separadas y el sitio es silencioso. Probamos el plato picante y el sabor era intenso pero equilibrado. La porcion fue pequena para lo que ofrece el menu.
638,Casa Sazon,2,La sazón del plato quedó desbalanceada y demasiado salada. La sazón de la casa es lo mejor del menu. El sabor no corresponde a lo que promete la carta.
639,El Pirata del Sabor Vegano,4,La comida estuvo ecxelente y el sabor de los platos me sorprendió. El personal es amable y resuelve cualquier duda. La terraza estaba cerrada y no avisaron.
640,Muuu Said the Happy Cow,5,El menu tiene variedad y cada plato mantiene la calidad. La atención fue distante y poco cortés. La porción fue pequena para lo que ofrece el menu. El menu tiene variedad y cada plato mantiene la calidad. El postre cerro la comida de forma muy bueno. Nos atendieron rápido y con amabilidad.
641,Mercado 93,5,La sazón de la casa es lo mejor del menu. La comida estuvo delicioso y el sabor de los platos me sorprendió. El postre cerro la comida de forma delicioso. El menu tiene variedad y cada plato mantiene la calidad. La presentación del plato acompaña el sabor. Los ingredientes se sentian frescos y la porcion generosa. Mas fotos en info@mercado93.co.
642,Vegan Island,4,La terraza tiene una vista bonita para la tarde. La porción fue pequena para lo que ofrece el menu. Probamos el plato picante y el sabor era intenso pero equilibrado. El plato venia mal preparado y la carne seca. La atención fue distante y poco cortés.
643,Vegan Island,3,Tomaron el pedido rápido y llego sin errores. El servicio fue correcto y el mesero muy atento. La comida llego fria y sin sabor. Esperamos mucho tiempo por la cuenta. La atencion fue distante y poco cortés. El postre estaba flojo y sin gracia. Escribanme a quejas@laterraza.com si quieren la foto.
644,La Verdura Inquieta,3,La terraza tiene una vista bonita para la tarde. La comida llego fria y sin sabor. La musica estaba demasiado alta para conversar. El lugar se sentia estrecho y las sillas incomodas. El plato principal llego bien preparado y con una sazón correcto.
645,Casa Sazon,3,El servicio fue pésimo y tuvimos que llamar varias veces. El mesero reviso el pedido antes de traerlo. Los ingredientes no se sentian frescos. El mesero se equivocó con el pedido de la mesa. Tomaron el pedido rápido y llegó sin errores. Pusimos un reclamo y nadie respondió. Tomaron el pedido rápido y llegó sin errores. La espera para que tomaran el pedido fue larga. Llamen al 6012345678 antes de ir.
646,Vegan Island,4,La comida llegó fria y sin sabor. Las mesas están bien separadas y el sitio es silencioso. La presentación del plato acompaña el sabor.
647,La Verdura Inquieta,2,El sitio no estaba limpio cuando llegamos. Los precios subieron y ya no es económico. La decoración y la luz hacen agradable el espacio. Es un lugar económico para el tamano de las porciones. Pagamos mucho por una porcion pequena. Cobran la propina sin avisar y el valor final sube. Los precios subieron y ya no es económico. El descuento del dia deja la cuenta muy barata.
648,La Terraza del Chico,3,El ambiente del lugar es correcto y muy acogedor. El lugar estaba limpio y las sillas comodas. La musica acompana sin tapar la conversacion. El plato venia deficiente preparado y la carne seca.
649,La Terraza del Chico,4,LA PRESENTACIÓN DEL PLATO ACOMPAÑA EL SABOR. LAS VERDURAS ESTABAN FRESCAS Y BIEN CONDIMENTADAS. LA PORCIÓN FUE PEQUENA PARA LO QUE OFRECE EL MENU. LA COMNIDA LLEGÓ FRIA Y SIN SABOR. LA PRESENTACIÓN DEL PLATO ACOMPAÑA EL SABOR. LA ATENCION FUE DISTANTE Y POCO CORTÉS. TOMARON EL PEDIDO RAPIDO Y LLEGÓ SIN ERRORES. PEDIMOS LA CARNE Y QUEDO EN SU PUNTO EXACTO.
650,Muuu Said the Happy Cow,4,El postre estaba regular y sin gracia. Los ingredientes no se sentian frescos. La sazón de la casa es lo mejor del menu. La comida llegó fria y sin sabor. La espera para que tomaran el pedido fue larga.
651,La Verdura Inquieta,4,La decoración y la luz hacen agradable el espacio. El lugar se sentia estrecho y las sillas incomodas. La música estaba demasiado alta para conversar. La sazon de la casa es lo mejor del menu. La música estaba demasiado alta para conversar. El lugar se sentia estrecho y las sillas incomodas. Pagar aqui se siente razonable por lo que sirven. Pagamos $32.500 en total.
652,Mercado 93,2,Hubo demora en la cocina y nadie nos aviso. El personal no estaba pendiente de las mesas. Esperamos mucho tiempo por la cuenta. La espera para que tomaran el pedido fue larga. Manejan una promocion de almuerzo que vale la pena. El mesero explicó el menu con paciencia y fue cortes. Los precios subieron y ya no es económico.
653,La Verdura Inquieta,2,La cuenta salió cara y la factura traia cobros que no pedimos. El precio es correcto para la calidad que ofrecen. El precio es notable para la calidad que ofrecen. Cobran la propina sin avisar y el valor final sube. El costo no corresponde con la calidad. La cuenta salió cara y la factura traia cobros que no pedimos. La promocion que anuncian no aplicaba al pagar. La promocion que anuncian no aplicaba al pagar. Llamen al 3105551234 antes de ir.
654,El Pirata del Sabor Vegano,3,El anbiente era deficiente por el ruido de la calle. La terraza tiene una vista bonita para la tarde. El lugar se sentia estrecho y las sillas incomodas. La decoración esta descuidada y la luz muy fuerte. Las mesas estan bien separadas y el sitio es silencioso. El lugar estaba limpio y las sillas comodas. El lugar estaba limpio y las sillas comodas. Pagar aqui se siente razonable por lo que sirven.
655,Paul's Mcarne Feast Palace,5,La decoración esta descuidada y la luz muy fuerte. Las mesas están bien separadas y el sitio es silencioso. Las mesas están bien separadas y el sitio es silencioso. El lugar estaba limpio y las sillas comodas.
656,Mercado 93,3,Nos cobraron un valor distinto al de la carta. Los precios subieron y ya no es económico. Manejan una promocion de almuerzo que vale la pena. La atención hizo la diferencia en la visita. La atención fue distante y poco cortes. La cuenta salió cara y la factura traia cobros que no pedimos. Cobran la propina sin avisar y el valor final sube. El costo no corresponde con la calidad.
657,Muuu Said the Happy Cow,2,Las verduras estaban frescas y bien condimentadas. El postre cerro la comida de forma correcto. El valor de los platos esta por debajo del promedio de la zona. Las verduras estaban frescas y bien condimentadas. El plato venia regular preparado y la carne seca. La presentación del plato acompaña el sabor. La cuenta salió cara y la factura traia cobros que no pedimos. La promocion que anuncian no aplicaba al pagar. El costo no corresponde con la calidad. Reservas al 320 444 9911.
658,Casa Sazon,2,El lugar estaba limpio y las sillas comodas. El lugar se sentia estrecho y las sillas incomodas. El lugar se sentia estrecho y las sillas incomodas.
659,Paul's Mcarne Feast Palace,3,La atención en la mesa estuvo pendiente todo el tiempo. Pagar aqui se siente razonable por lo que sirven. El personal es amable y resuelve cualquier duda. El servicio fue pésimo y tuvimos que llamar varias veces. Hubo demora en la cocina y nadie nos aviso.
660,Vegan Island,4,La decoración y la luz hacen agradable el espacio. La decoración y la luz hacen agradable el espacio. El ambiente era deficiente por el ruido de la calle. La terraza estaba cerrada y no avisaron. Las mesas están bien separadas y el sitio es silencioso. Habia mucho ruido y el espacio mal ventilado. Habia mucho ruido y el espacio mal ventilado. La música estaba demasiado alta para conversar. La decoración y la luz hacen agradable el espacio.
661,El Pirata del Sabor Vegano,5,Cobran la propina sin avisar y el valor final sube. El plato venia regular preparado y la carne seca. El mesero reviso el pedido antes de traerlo. Nos atendieron rápido y con amabilidad. La decoracion y la luz hacen agradable el espacio. Nos ubicaron en la mesa apenas llegamos. La atención fue distante y poco cortés. Las verduras estaban frescas y bien condimentadas. La atención en la mesa estuvo pendiente todo el tiempo.
662,Vegan Island,2,El postre estaba pésimo y sin gracia. La decoración esta descuidada y la luz muy fuerte. Las mesas están bien separadas y el sitio es silencioso. La decoración esta descuidada y la luz muy fuerte.
663,La Verdura Inquieta,3,LA CUENTA SALIO CARA Y LA FACTURA TRAIA COBROS QUE NO PEDIMOS. LA CUENTA FUE ECONOMICA Y EL VALOR ESTA JUSTIFICADO. LOS PRECIOS SUBIERON Y YA NO ES ECONÓMICO. COBRAN LA PROPINA SIN AVISAR Y EL VALOR FINAL SUBE. LOS PRECIOS SUBIERON Y YA NO ES ECONÓMICO. PAGAR AQUI SE SIENTE RAZONABLE POR LO QUE SIRVEN. COBRAN LA PROPINA SIN AVISAR Y EL VALOR FINAL SUBE. LA CUENTA FUE ECONOMICA Y EL VALOR ESTA JUSTIFICADO. NOS COBRARON UN VALOR DISTINTO AL DE LA CARTA.
664,Mercado 93,1,"Es un lugar económico para el tamano de las porciones. El plato venia deficiente preparado y la carne seca. La promocion que anuncian no aplicaba al pagar. El costo no corresponde con la calidad. Vale 18 mil, ojo con eso."
665,Mercado 93,4,PAGAMOS MUCHO POR UNA PORCIÓN PEQUENA. EL DESCUENTO DEL DIA DEJA LA CUENTA MUY BARATA. EL MESERO SE EQUIVOCÓ CON EL PEDIDO DE LA MESA. EL PRECIO DE LA CARTA ME PARECIO FLOJO PARA LO QUE SIRVEN. TIENEN PRECIOS CLAROS Y LA FACTURA LLEGA DETALLADA. EL PRECIO ES EXCELENTE PARA LA CALIDAD QUE OFRECEN.
666,Muuu Said the Happy Cow,4,El servicio fue delicioso y el mesero muy atento. Pedimos la carne y quedó en su punto exacto. La espera para que tomaran el pedido fue larga. El ambiente del lugar es muy bueno y muy acogedor. El servicio fue notable y el mesero muy atento. La comida estuvo excelente y el sabor de los platos me sorprendió. El mesero explico el menu con paciencia y fue cortés. El precio de la carta me parecio flojo para lo que sirven. El servicio fue pésimo y tuvimos que llamar varias veces.
667,Mercado 93,4,El sabor no corresponde a lo que promete la carta. Los ingredientes se sentian frescos y la porcion generosa. El plato principal llegó bien preparado y con una sazon excelente. La decoración y la luz hacen agradable el espacio. El espacio es amplio y se siente tranquilo.
668,La Verdura Inquieta,5,El mesero explicó el menu con paciencia y fue cortés. La atención en la mesa estuvo pendiente todo el tiempo. La terraza tiene una vista bonita para la tarde. El servicio fue deficiente y tuvimos que llamar varias veces. Tomaron el pedido rápido y llegó sin errores. La atención hizo la diferencia en la visita. La atención fue distante y poco cortés.
669,Casa Sazon,2,El precio de la carta me parecio regular para lo que sirven. El menu tiene variedad y cada plato mantiene la calidad. La sazón del plato quedó desbalanceada y demasiado salada. La porcion fue pequena para lo que ofrece el menu. Habia mucho ruido y el espacio mal ventilado. La terraza estaba cerrada y no avisaron. El plato venia mal preparado y la carne seca.
670,La Verdura Inquieta,3,La atencion hizo la diferencia en la visita. Pagamos mucho por una porción pequena. La cuenta fue economica y el valor esta justificado. La cuenta salió cara y la factura traia cobros que no pedimos. La cuenta fue economica y el valor esta justificado. Es un lugar economico para el tamano de las porciones. La promocion que anuncian no aplicaba al pagar.
671,Vegan Island,4,La sazón de la casa es lo mejor del menu. El postre estaba mal y sin gracia. La comida estuvo notable y el sabor de los platos me sorprendió.
672,Paul's Mcarne Feast Palace,5,La cuenta fue economica y el valor esta justificado. El precio de la carta me parecio deficiente para lo que sirven. La presentación del plato acompaña el sabor. La terraza tiene una vista bonita para la tarde. La cuenta fue economica y el valor esta justificado.
673,El Pirata del Sabor Vegano,4,El precio de la carta me parecio regular para lo que sirven. El menu tiene variedad y cada plato mantiene la calidad. Pagamos mucho por una porción pequena. La cuenta fue economica y el valor esta justificado.
674,La Terraza del Chico,4,El espacio es amplio y se siente tranquilo. La atencion hizo la diferencia en la visita. El servicio fue deficiente y tuvimos que llamar varias veces. La iluminacion del salon es cálida. El ambiente era regular por el ruido de la calle. El espacio es amplio y se siente tranquilo. La atencion fue distante y poco cortés. El espacio es amplio y se siente tranquilo.
675,Paul's Mcarne Feast Palace,4,La musica estaba demasiado alta para conversar. Las mesas estan bien separadas y el sitio es silencioso. Habia mucho ruido y el espacio mal ventilado. Las mesas estan bien separadas y el sitio es silencioso. El sitio no estaba limpio cuando llegamos. El anbiente del lugar es correcto y muy acogedor. Las mesas estan bien separadas y el sitio es silencioso. La terraza estaba cerrada y no avisaron.!!!
676,La Verdura Inquieta,2,El lugar estaba limpio y las sillas comodas. Habia mucho ruido y el espacio mal ventilado. El espacio es amplio y se siente tranquilo. La iluminación del salon es cálida. El sitio no estaba limpio cuando llegamos. El lugar se sentia estrecho y las sillas incomodas. La terraza estaba cerrada y no avisaron. El sitio no estaba limpio cuando llegamos.
677,El Pirata del Sabor Vegano,3,La espera para que tomaran el pedido fue larga. El lugar estaba limpio y las sillas comodas. La terraza estaba cerrada y no avisaron. La terraza tiene una vista bonita para la tarde. La terraza tiene una vista bonita para la tarde. La terraza estaba cerrada y no avisaron. El mesero reviso el pedido antes de traerlo. Es un lugar económico para el tamaño de las porciones. La cuenta fue de $76.400.
678,Mercado 93,2,El plato venia pesimo preparado y la carne seca. Los ingredientes no se sentian frescos. Los ingredientes no se sentian frescos. El postre estaba flojo y sin gracia. El menu tiene variedad y cada plato mantiene la calidad. El postre cerro la comida de forma delicioso. El sabor no corresponde a lo que promete la carta. El postre estaba pesimo y sin gracia.
679,La Terraza del Chico,3,"El mesero se equivocó con el pedido de la mesa. El personal no estaba pendiente de las mesas. Esperamos mucho tiempo por la cuenta. El personal es amable y resuelve cualquier duda. La atención fue distante y poco cortés. La atención fue distante y poco cortés. Vale 18 mil, ojo con eso."
680,Paul's Mcarne Feast Palace,4,El menu tiene variedad y cada plato mantiene la calidad. Pedimos la carne y quedó en su punto exacto. La sazón de la casa es lo mejor del menu. El sabor no corresponde a lo que promete la carta. Las verduras estaban frescas y bien condimentadas. Llamen al 601 555 1234 antes de ir.
681,La Verdura Inquieta,4,El mesero explicó el menu con paciencia y fue cortés. El mesero explicó el menu con paciencia y fue cortés. El personal es amable y resuelve cualquier duda. La espera para que tomaran el pedido fue larga. Pusimos un reclamo y nadie respondio. Tomaron el pedido rapido y llegó sin errores. Hubo demora en la cocina y nadie nos aviso. La atención fue distante y poco cortés. La atención hizo la diferencia en la visita.
682,Vegan Island,4,La espera para que tomaran el pedido fue larga. El mesero reviso el pedido antes de traerlo. Pusimos un reclamo y nadie respondio. Nos atendieron rápido y con amabilidad. La atención en la mesa estuvo pendiente todo el tiempo. El mesero reviso el pedido antes de traerlo. La atención en la mesa estuvo pendiente todo el tiempo.
683,Casa Sazon,4,Habia mucho ruido y el espacio mal ventilado. La música acompaña sin tapar la conversacion. El espacio es amplio y se siente tranquilo. Habia mucho ruido y el espacio mal ventilado. El precio es excelente para la calidad que ofrecen. La iluminación del salon es cálida. Tienen precios claros y la factura llega detallada. El espacio es amplio y se siente tranquilo. El descuento del dia deja la cuenta muy barata.
684,La Verdura Inquieta,3,Los ingredientes se sentian frescos y la porcion generosa. La atención en la mesa estuvo pendiente todo el tiempo. El servicio fue delicioso y el mesero muy atento. El plato venia regular preparado y la carne seca. La comida estuvo muy bueno y el sabor de los platos me sorprendió. El sabor no corresponde a lo que promete la carta. La iluminación del salon es cálida. El ambiente era deficiente por el ruido de la calle. El plato principal llegó bien preparado y con una sazon excelente.
685,La Terraza del Chico,5,Pusimos un reclamo y nadie respondio. El descuento del dia deja la cuenta muy barata. Nos atendieron rapido y con amabilidad. El personal es amable y resuelve cualquier duda. Las mesas están bien separadas y el sitio es silencioso.
686,Paul's Mcarne Feast Palace,3,Los precios subieron y ya no es económico. Pedimos verduras y llegaron recalentadas. El mesero se equivocó con el pedido de la mesa. Pusimos un reclamo y nadie respondió. Tomaron el pedido rápido y llegó sin errores. El mesero se equivocó con el pedido de la mesa. La terraza tiene una vista bonita para la tarde. Hubo demora en la cocina y nadie nos aviso. La cuenta fue economica y el valor esta justificado.
687,Mercado 93,4,La atencion fue distante y poco cortes. La atencion en la mesa estuvo pendiente todo el tiempo. Pusimos un reclamo y nadie respondió. La atencion hizo la diferencia en la visita. El precio de la carta me parecio regular para lo que sirven. La cuenta fue economica y el valor esta justificado. Hubo demora en la cocina y nadie nos aviso.
688,Paul's Mcarne Feast Palace,5,El descuento del dia deja la cuenta muy barata. Tienen precios claros y la factura llega detallada. El precio de la carta me parecio regular para lo que sirven. La terraza estaba cerrada y no avisaron.
689,Vegan Island,5,Los ingredientes se sentian frescos y la porcion generosa. Probamos el plato picante y el sabor era intenso pero equilibrado. Manejan una promocion de almuerzo que vale la pena. La comida estuvo excelente y el sabor de los platos me sorprendió.
690,Vegan Island,2,El descuento del dia deja la cuenta muy barata. La cuenta salio cara y la factura traia cobros que no pedimos. La cuenta fue economica y el valor esta justificado. Los presios subieron y ya no es economico. Los precios subieron y ya no es economico. Llamen al 3105551234 antes de ir.
691,Muuu Said the Happy Cow,4,El espacio es amplio y se siente tranquilo. El mesero explicó el menu con paciencia y fue cortés. La atención en la mesa estuvo pendiente todo el tiempo. El servicio fue correcto y el mesero muy atento. Esperamos mucho tiempo por la cuenta. Llamen al 3105551234 antes de ir.
692,La Verdura Inquieta,3,La iluminacion del salon es calida. La porción fue pequena para lo que ofrece el menu. Nos ubicaron en la mesa apenas llegamos.
693,Casa Sazon,3,Nos cobraron un valor distinto al de la carta. El precio es muy bueno para la calidad que ofrecen. Pagamos mucho por una porción pequena. Manejan una promocion de almuerzo que vale la pena. Manejan una promocion de almuerzo que vale la pena. La cuenta fue economica y el valor esta justificado. Tienen precios claros y la factura llega detallada. Pagamos mucho por una porción pequena.
694,La Terraza del Chico,3,Habia mucho ruido y el espacio mal ventilado. El postre cerro la comida de forma deliciozo. La comida llego fria y sin sabor.
695,Muuu Said the Happy Cow,3,El espacio es amplio y se siente tranquilo. Los precios subieron y ya no es económico. El descuento del dia deja la cuenta muy barata. Hubo demora en la cocina y nadie nos aviso. La terraza estaba cerrada y no avisaron. El valor de los platos esta por debajo del promedio de la zona. Nos cobraron un valor distinto al de la carta. El descuento del dia deja la cuenta muy barata.
696,Muuu Said the Happy Cow,5,El mesero reviso el pedido antes de traerlo. El mesero se equivocó con el pedido de la mesa. La atención fue distante y poco cortes.!!!
697,La Terraza del Chico,3,La terraza tiene una vista bonita para la tarde. El ambiente era pesimo por el ruido de la calle. El valor de los platos esta por debajo del promedio de la zona. El lugar se sentia estrecho y las sillas incomodas. El lugar se sentia estrecho y las sillas incomodas. La decoracion y la luz hacen agradable el espacio. La iluminación del salon es cálida.
698,Vegan Island,4,Tomaron el pedido rápido y llegó sin errores. Manejan una promocion de almuerzo que vale la pena. Pagar aqui se siente razonable por lo que sirven. Nos cobraron un valor distinto al de la carta. Los precios subieron y ya no es económico. El personal no estaba pendiente de las mesas. El descuento del dia deja la cuenta muy barata. La promocion que anuncian no aplicaba al pagar.
699,Paul's Mcarne Feast Palace,3,Pusimos un reclamo y nadie respondió. El espacio es amplio y se siente tranquilo. Las mesas estan bien separadas y el sitio es silencioso. La cuenta fue de $18.900.
700,Paul's Mcarne Feast Palace,4,Tomaron el pedido rápido y llegó sin errores. El mesero se equivocó con el pedido de la mesa. Hubo demora en la cocina y nadie nos aviso. El mesero se equivocó con el pedido de la mesa. Tomaron el pedido rápido y llegó sin errores. Pusimos un reclamo y nadie respondió. La espera para que tomaran el pedido fue larga. Reservas al 601 555 1234.
701,Vegan Island,3,Las mesas están bien separadas y el sitio es silencioso. La sazón de la casa es lo mejor del menu. La comida estuvo muy bueno y el sabor de los platos me sorprendió. El ambiente del lugar es correcto y muy acogedor. El lugar se sentia estrecho y las sillas incomodas.
702,Muuu Said the Happy Cow,5,Nos ubicaron en la mesa apenas llegamos. La cuenta fue economica y el valor esta justificado. El mesero explicó el menu con paciencia y fue cortés.
703,Vegan Island,5,Pedimos la carne y quedo en su punto exacto. Las verduras estaban frescas y bien condimentadas. Los ingredientes se sentian frescos y la porción generosa.
704,Muuu Said the Happy Cow,4,El servicio fue notable y el mesero muy atento. El descuento del dia deja la cuenta muy barata. El valor de los platos esta por debajo del promedio de la zona. Es un lugar económico para el tamaño de las porciones. El personal es amable y resuelve cualquier duda. El personal es amable y resuelve cualquier duda. El personal no estaba pendiente de las mesas.
705,Vegan Island,3,"Probamos el plato picante y el sabor era intenso pero equilibrado. Cobran la propina sin avisar y el valor final sube. La comida llegó fria y sin sabor. La porción fue pequena para lo que ofrece el menu. Habia mucho ruido y el espacio mal ventilado. Probamos el plato picante y el sabor era intenso pero equilibrado. Vale 18 mil, ojo con eso."
706,Vegan Island,3,El mesero explicó el menu con paciencia y fue cortés. Tomaron el pedido rapido y llego sin errores. La decoracion esta descuidada y la luz muy fuerte.
707,Vegan Island,4,NOS ATENDIERON RÁPIDO Y CON AMABILIDAD. EL MESERO SE EQUIVOCÓ CON EL PEDIDO DE LA MESA. LA ATENCIÓN FUE DISTANTE Y POCO CORTÉS. NOS UBICARON EN LA MESA APENAS LLEGAMOS. EL PERSONAL ES AMABLE Y RESUELVE CUALQUIER DUDA. LA TERRAZA ESTABA CERRADA Y NO AVISARON.
708,Mercado 93,4,Tienen precios claros y la factura llega detallada. Manejan una promocion de almuerzo que vale la pena. La promocion que anuncian no aplicaba al pagar. Probamos el plato picante y el sabor era intenso pero equilibrado. Es un lugar económico para el tamaño de las porciones.
709,La Terraza del Chico,2,El costo no corresponde con la calidad. El costo no corresponde con la calidad. Tienen precios claros y la factura llega detallada. La cuenta salió cara y la factura traia cobros que no pedimos. Es un lugar económico para el tamano de las porciones. Los precios subieron y ya no es económico. La promocion que anuncian no aplicaba al pagar.
710,Paul's Mcarne Feast Palace,4,"El personal es amable y resuelve cualquier duda. Pusimos un reclamo y nadie respondió. Pedimos verduras y llegaron recalentadas. El precio es delicioso para la calidad que ofrecen. El personal es amable y resuelve cualquier duda. El servicio fue correcto y el mesero muy atento. La iluminación del salon es cálida. Probamos el plato picante y el sabor era intenso pero equilibrado. La decoración y la luz hacen agradable el espacio. Vale 60 mil, ojo con eso."
711,El Pirata del Sabor Vegano,3,La espera para que tomaran el pedido fue larga. El lugar se sentia estrecho y las sillas incomodas. El personal es amable y resuelve cualquier duda. El mesero se equivocó con el pedido de la mesa.
712,Vegan Island,2,La presentacion del plato acompaña el sabor. La comnida estuvo muy bueno y el sabor de los platos me sorprendió. El postre cerro la comida de forma notable. Esperamos mucho tiempo por la cuenta. Esperamos mucho tiempo por la cuenta. Tienen precios claros y la factura llega detallada. Habia mucho ruido y el espacio mal ventilado. La cuenta fue de $18.900.
713,Paul's Mcarne Feast Palace,4,Pusimos un reclamo y nadie respondio. La decoración y la luz hacen agradable el espacio. La terraza estaba cerrada y no avisaron. El anbiente del lugar es notable y muy acogedor. El lugar estaba limpio y las sillas comodas. El sitio no estaba limpio cuando llegamos. El ambiente del lugar es notable y muy acogedor. El personal es amable y resuelve cualquier duda. La musica estaba demasiado alta para conversar.
714,La Verdura Inquieta,3,"Habia mucho ruido y el espacio mal ventilado. El lugar estaba limpio y las sillas comodas. El postre cerro la comida de forma muy bueno. La cuenta fue economica y el valor esta justificado. La decoración y la luz hacen agradable el espacio. La espera para que tomaran el pedido fue larga. La decoración esta descuidada y la luz muy fuerte. Vale 25 mil, ojo con eso."
715,La Verdura Inquieta,3,La terraza tiene una vista bonita para la tarde. La música acompaña sin tapar la conversacion. El sitio no estaba limpio cuando llegamos. La música estaba demasiado alta para conversar. El mesero explicó el menu con paciencia y fue cortés. El lugar se sentia estrecho y las sillas incomodas.
716,El Pirata del Sabor Vegano,4,El descuento del dia deja la cuenta muy barata. El precio de la carta me parecio deficiente para lo que sirven. La promocion que anuncian no aplicaba al pagar. Escribanme a reservas@casasazon.com.co si quieren la foto.!!!
717,Muuu Said the Happy Cow,4,El personal no estaba pendiente de las mesas. Probamos el plato picante y el sabor era intenso pero equilibrado. El personal es amable y resuelve cualquier duda.
718,La Terraza del Chico,4,La atención hizo la diferencia en la visita. El descuento del dia deja la cuenta muy barata. El valor de los platos esta por debajo del promedio de la zona.
719,La Verdura Inquieta,3,El postre estaba deficiente y sin gracia. El postre cerro la comida de forma correcto. La presentación del plato acompaña el sabor. Es un lugar económico para el tamaño de las porciones. Pagamos mucho por una porción pequena. Los ingredientes no se sentian frescos. Pedimos verduras y llegaron recalentadas. Es un lugar económico para el tamaño de las porciones. Cobran la propina sin avisar y el valor final sube. La cuenta fue de $120.000.
720,Casa Sazon,4,La música acompana sin tapar la conversacion. El mesero explicó el menu con paciencia y fue cortes. La decoración y la luz hacen agradable el espacio. El lugar estaba limpio y las sillas comodas. Tomaron el pedido rápido y llegó sin errores. Hubo demora en la cocina y nadie nos aviso. La espera para que tomaran el pedido fue larga. La música estaba demasiado alta para conversar. La cuenta fue de $9.800.
721,Vegan Island,3,La comida llegó fria y sin sabor. La presentación del plato acompana el sabor. La atención en la mesa estuvo pendiente todo el tiempo. Pagamos mucho por una porción pequena. La atención en la mesa estuvo pendiente todo el tiempo.
722,Casa Sazon,4,El mesero se equivocó con el pedido de la mesa. El servicio fue flojo y tuvimos que llamar varias veces. El plato principal llegó bien preparado y con una sazón delicioso. La promocion que anuncian no aplicaba al pagar.
723,La Terraza del Chico,2,Pedimos verduras y llegaron recalentadas. La comida estuvo delicioso y el sabor de los platos me sorprendió. Es un lugar económico para el tamaño de las porciones. La cuenta salió cara y la factura traia cobros que no pedimos. Pusimos un reclamo y nadie respondio. Pagar aqui se siente razonable por lo que sirven. Es un lugar económico para el tamaño de las porciones. Nos cobraron un valor distinto al de la carta. El descuento del dia deja la cuenta muy barata. La cuenta fue de $76.400.
724,Muuu Said the Happy Cow,4,La atención hizo la diferencia en la visita. La iluminación del salon es calida. Hubo demora en la cocina y nadie nos aviso. El sitio no estaba limpio cuando llegamos. Pagar aqui se siente razonable por lo que sirven. Nos cobraron un valor distinto al de la carta.
725,Muuu Said the Happy Cow,4,Los ingredientes no se sentian frescos. El postre cerro la comida de forma correcto. Los ingredientes se sentian frescos y la porción generosa. Las verduras estaban frescas y bien condimentadas. El sabor no corresponde a lo que promete la carta. Las verduras estaban frescas y bien condimentadas.
726,El Pirata del Sabor Vegano,4,Nos cobraron un valor distinto al de la carta. La cuenta salió cara y la factura traia cobros que no pedimos. El mesero se equivocó con el pedido de la mesa. Cobran la propina sin avisar y el valor final sube. Manejan una promocion de almuerzo que vale la pena. El servicio fue notable y el mesero muy atento. Tienen precios claros y la factura llega detallada.
727,Muuu Said the Happy Cow,2,Esperamos mucho tiempo por la cuenta. El personal no estaba pendiente de las mesas. Hubo demora en la cocina y nadie nos aviso. La atención en la mesa estuvo pendiente todo el tiempo. Reservas al 601 555 1234.
728,La Terraza del Chico,3,La espera para que tomaran el pedido fue larga. Nos atendieron rápido y con amabilidad. Esperamos mucho tiempo por la cuenta. El personal es amable y resuelve cualquier duda. El servicio fue excelente y el mesero muy atento. La cuenta salio cara y la factura traia cobros que no pedimos. El precio es muy bueno para la calidad que ofrecen.!!!
729,El Pirata del Sabor Vegano,2,"La sazon del plato quedo desbalanceada y demasiado salada. El plato venia pésimo preparado y la carne seca. Los ingredientes no se sentian frescos. Habia mucho ruido y el espacio mal ventilado. El personal no estaba pendiente de las mesas. Vale 18 mil, ojo con eso.!!!"
730,Vegan Island,4,El servicio fue regular y tuvimos que llamar varias veces. El mesero reviso el pedido antes de traerlo. Hubo demora en la cocina y nadie nos aviso. El personal es amable y resuelve cualquier duda. El personal es amable y resuelve cualquier duda. El personal es amable y resuelve cualquier duda.!!!
731,Mercado 93,5,Nos ubicaron en la mesa apenas llegamos. El precio es delicioso para la calidad que ofrecen. Nos cobraron un valor distinto al de la carta. Manejan una promocion de almuerzo que vale la pena. El servicio fue deficiente y tuvimos que llamar varias veces. Cobran la propina sin avisar y el valor final sube. El servicio fue correcto y el mesero muy atento.
732,Mercado 93,4,La porción fue pequena para lo que ofrece el menu. La atención hizo la diferencia en la visita. El servicio fue correcto y el mesero muy atento. Reservas al 310 555 12 34.
733,Casa Sazon,2,El precio de la carta me parecio mal para lo que sirven. El precio es notable para la calidad que ofrecen. El costo no corresponde con la calidad. La sazón del plato quedó desbalanceada y demasiado salada. Cobran la propina sin avisar y el valor final sube. El postre cerro la comida de forma excelente. El precio es muy bueno para la calidad que ofrecen. La promocion que anuncian no aplicaba al pagar. Escribanme a ana.mesa+resenas@gmail.com si quieren la foto.
734,Vegan Island,4,La atención hizo la diferencia en la visita. El menu tiene variedad y cada plato mantiene la calidad. La decoración esta descuidada y la luz muy fuerte. La atención hizo la diferencia en la visita. La cuenta salió cara y la factura traia cobros que no pedimos. Nos atendieron rápido y con amabilidad. Pagamos $9.800 en total.
735,La Terraza del Chico,5,El lugar estaba limpio y las sillas comodas. La terraza tiene una vista bonita para la tarde. El ambiente del lugar es correcto y muy acogedor. La música acompaña sin tapar la conversacion. El espacio es amplio y se siente tranquilo. La terraza tiene una vista bonita para la tarde. El lugar se sentia estrecho y las sillas incomodas. La decoración y la luz hacen agradable el espacio. La decoración y la luz hacen agradable el espacio.
736,Vegan Island,5,Manejan una promocion de almuerzo que vale la pena. Tienen precios claros y la factura llega detallada. Tienen precios claros y la factura llega detallada. El precio es deliciozo para la calidad que ofrecen. La promocion que anuncian no aplicaba al pagar. La cuenta fue economica y el valor esta justificado.
737,Muuu Said the Happy Cow,3,Pedimos verduras y llegaron recalentadas. La sazón del plato quedó desbalanceada y demasiado salada. Las verduras estaban frescas y bien condimentadas. La música estaba demasiado alta para conversar. Habia mucho ruido y el espacio mal ventilado. Mas fotos en quejas@laterraza.com.
738,Muuu Said the Happy Cow,2,El ambiente era flojo por el ruido de la calle. La comida llegó fria y sin sabor. El sitio no estaba limpio cuando llegamos. La decoración esta descuidada y la luz muy fuerte. La presentacion del plato acompana el sabor. La atencion en la mesa estuvo pendiente todo el tiempo. Habia mucho ruido y el espacio mal ventilado. El mesero reviso el pedido antes de traerlo. La decoración esta descuidada y la luz muy fuerte.
739,Vegan Island,4,El valor de los platos esta por debajo del promedio de la zona. Nos cobraron un valor distinto al de la carta. La cuenta salio cara y la factura traia cobros que no pedimos. Los precios subieron y ya no es económico. Manejan una promocion de almuerzo que vale la pena. El valor de los platos esta por debajo del promedio de la zona. Manejan una promocion de almuerzo que vale la pena.
740,El Pirata del Sabor Vegano,4,Probamos el plato picante y el sabor era intenso pero equilibrado. La comida estuvo notable y el sabor de los platos me sorprendió. Pedimos verduras y llegaron recalentadas. Los ingredientes se sentian frescos y la porción generosa. Tienen precios claros y la factura llega detallada.!!!
741,Vegan Island,5,"La atención en la mesa estuvo pendiente todo el tiempo. Nos ubicaron en la mesa apenas llegamos. Nos atendieron rápido y con amabilidad. Vale 60 mil, ojo con eso."
742,Vegan Island,3,El descuento del dia deja la cuenta muy barata. Los ingredientes no se sentian frescos. El valor de los platos esta por debajo del promedio de la zona. Reservas al 310 555 12 34.
743,Casa Sazon,4,Manejan una promocion de almuerzo que vale la pena. El lugar estaba limpio y las sillas comodas. El ambiente era mal por el ruido de la calle. La terraza estaba cerrada y no avisaron. Cobran la propina sin avisar y el valor final sube. La música estaba demasiado alta para conversar.
744,Vegan Island,3,"El precio es excelente para la calidad que ofrecen. La decoración esta descuidada y la luz muy fuerte. Cobran la propina sin avisar y el valor final sube. El descuento del dia deja la cuenta muy barata. Pusimos un reclamo y nadie respondió. La cuenta salió cara y la factura traia cobros que no pedimos. Vale 60 mil, ojo con eso."
745,Vegan Island,5,PROBAMOS EL PLATO PICANTE Y EL SABOR ERA INTENSO PERO EQUILIBRADO. LA PRESENTACIÓN DEL PLATO ACOMPAÑA EL SABOR. EL SABOR NO CORRESPONDE A LO QUE PROMETE LA CARTA. LA CUENTA FUE DE $9.800.
746,La Verdura Inquieta,2,La promocion que anuncian no aplicaba al pagar. Esperamos mucho tiempo por la cuenta. La terraza estaba cerrada y no avisaron.
747,Paul's Mcarne Feast Palace,4,El postre cerro la comida de forma deliciozo. La iluminación del salon es cálida. La comida llegó fria y sin sabor. La musica acompaña sin tapar la conversacion. Los ingredientes no se sentian frescos. Probamos el plato picante y el sabor era intenso pero equilibrado. Manejan una promocion de almuerzo que vale la pena. La iluminación del salon es cálida. Probamos el plato picante y el sabor era intenso pero equilibrado. Escribanme a quejas@laterraza.com si quieren la foto.
748,Casa Sazon,3,El personal no estaba pendiente de las mesas. Manejan una promocion de almuerzo que vale la pena. El costo no corresponde con la calidad. La cuenta fue economica y el valor esta justificado. Tienen precios claros y la factura llega detallada. El descuento del dia deja la cuenta muy barata. Pagar aqui se siente razonable por lo que sirven. El precio es excelente para la calidad que ofrecen. La cuenta salió cara y la factura traia cobros que no pedimos.
749,Muuu Said the Happy Cow,3,El descuento del dia deja la cuenta muy barata. La porción fue pequena para lo que ofrece el menu. Los ingredientes se sentian frescos y la porción generosa. El postre estaba pésimo y sin gracia. Nos cobraron un valor distinto al de la carta. Pedimos la carne y quedo en su punto exacto.
750,La Terraza del Chico,3,El lugar se sentia estrecho y las sillas incomodas. El mesero reviso el pedido antes de traerlo. Esperamos mucho tiempo por la cuenta. Pusimos un reclamo y nadie respondió. El servicio fue notable y el mesero muy atento. La comida llegó fria y sin sabor. Reservas al 310 555 12 34.
751,Vegan Island,4,El plato principal llego bien preparado y con una sazón delicioso. El espacio es amplio y se siente tranquilo. El postre estaba deficiente y sin gracia. Las verduras estaban frescas y bien condimentadas. La sazón de la casa es lo mejor del menu. Los ingredientes se sentian frescos y la porción generosa. Hubo demora en la cocina y nadie nos aviso. El personal no estaba pendiente de las mesas. La comida estuvo muy bueno y el sabor de los platos me sorprendio.
752,La Verdura Inquieta,4,El precio es ecxelente para la calidad que ofrecen. Probamos el plato picante y el sabor era intenso pero equilibrado. Los precios subieron y ya no es economico. La presentación del plato acompaña el sabor. La comida estuvo correcto y el sabor de los platos me sorprendió. El descuento del dia deja la cuenta muy barata. Escribanme a contacto@resto.co si quieren la foto.
753,La Terraza del Chico,3,La comnida llego fria y sin sabor. La presentación del plato acompaña el sabor. Esperamos mucho tiempo por la cuenta. El postre estaba flojo y sin gracia. El mesero explicó el menu con paciencia y fue cortes. Escribanme a info@mercado93.co si quieren la foto.
754,Paul's Mcarne Feast Palace,1,Pusimos un reclamo y nadie respondió. La comida llegó fria y sin sabor. El postre estaba mal y sin gracia. Pagamos mucho por una porción pequena.
755,Vegan Island,5,El mesero reviso el pedido antes de traerlo. Esperamos mucho tiempo por la cuenta. El servicio fue delicioso y el mesero muy atento. La cuenta fue economica y el valor esta justificado. Pagar aqui se siente razonable por lo que sirven. Habia mucho ruido y el espacio mal ventilado. Nos atendieron rápido y con amabilidad.
756,La Verdura Inquieta,5,El postre cerro la comida de forma correcto. El menu tiene variedad y cada plato mantiene la calidad. Probamos el plato picante y el sabor era intenso pero equilibrado. Escribanme a reservas@casasazon.com.co si quieren la foto.
757,Vegan Island,3,Probamos el plato picante y el sabor era intenso pero equilibrado. Tienen precios claros y la factura llega detallada. Es un lugar económico para el tamaño de las porciones. Pedimos la carne y quedó en su punto exacto. Cobran la propina sin avisar y el valor final sube. La comida llego fria y sin sabor. La porcion fue pequena para lo que ofrece el menu.
758,Mercado 93,5,La cuenta fue economica y el valor esta justificado. El descuento del dia deja la cuenta muy barata. Cobran la propina sin avisar y el valor final sube. La atención hizo la diferencia en la visita. La atención hizo la diferencia en la visita. Pagamos $9.800 en total.
759,El Pirata del Sabor Vegano,3,La decoración esta descuidada y la luz muy fuerte. El mesero explicó el menu con paciencia y fue cortés. El sitio no estaba limpio cuando llegamos. El mesero explicó el menu con paciencia y fue cortés. La terraza estaba cerrada y no avisaron. La decoración y la luz hacen agradable el espacio. El espacio es amplio y se siente tranquilo. La cuenta fue de $32.500.
760,La Verdura Inquieta,4,La promocion que anuncian no aplicaba al pagar. El valor de los platos esta por debajo del promedio de la zona. El plato principal llegó bien preparado y con una sazón correcto. El descuento del dia deja la cuenta muy barata. La sazón de la casa es lo mejor del menu. El descuento del dia deja la cuenta muy barata. Los precios subieron y ya no es economico. La cuenta fue economica y el valor esta justificado.
761,La Terraza del Chico,4,Pedimos la carne y quedó en su punto exacto. La comnida llegó fria y sin sabor. El postre cerro la comida de forma muy bueno. El postre estaba deficiente y sin gracia. Los ingredientes no se sentian frescos.
762,Paul's Mcarne Feast Palace,3,El personal no estaba pendiente de las mesas. El mesero explicó el menu con paciencia y fue cortés. Nos ubicaron en la mesa apenas llegamos. Nos ubicaron en la mesa apenas llegamos.
763,Mercado 93,2,EL SITIO NO ESTABA LIMPIO CUANDO LLEGAMOS. EL ESPACIO ES AMPLIO Y SE SIENTE TRANQUILO. HABIA MUCHO RUIDO Y EL ESPACIO MAL VENTILADO. EL VALOR DE LOS PLATOS ESTA POR DEBAJO DEL PROMEDIO DE LA ZONA. EL PERSONAL NO ESTABA PENDIENTE DE LAS MESAS. EL LUGAR ESTABA LIMPIO Y LAS SILLAS COMODAS. EL LUGAR SE SENTIA ESTRECHO Y LAS SILLAS INCOMODAS.
764,Paul's Mcarne Feast Palace,3,Manejan una promocion de almuerzo que vale la pena. El presio de la carta me parecio mal para lo que sirven. Es un lugar económico para el tamaño de las porciones.
765,Vegan Island,4,Pedimos verduras y llegaron recalentadas. El postre cerro la comida de forma notable. El plato principal llegó bien preparado y con una sazon muy bueno. Mas fotos en reservas@casasazon.com.co.
766,El Pirata del Sabor Vegano,3,Los ingredientes no se sentian frescos. Tienen precios claros y la factura llega detallada. Las mesas estan bien separadas y el sitio es silencioso. Los precios subieron y ya no es económico. El valor de los platos esta por debajo del promedio de la zona. La decoración y la luz hacen agradable el espacio. El costo no corresponde con la calidad. Pagamos mucho por una porción pequena.
767,Mercado 93,3,El plato venia deficiente preparado y la carne seca. El plato principal llego bien preparado y con una sazón excelente. El postre cerro la comida de forma excelente. El menu tiene variedad y cada plato mantiene la calidad. El plato venia mal preparado y la carne seca. Pagamos $76.400 en total.
768,Mercado 93,4,Las mesas están bien separadas y el sitio es silencioso. La decoración y la luz hacen agradable el espacio. La terraza tiene una vista bonita para la tarde. El ambiente era flojo por el ruido de la calle. El espacio es amplio y se siente tranquilo. La música estaba demasiado alta para conversar. El ambiente era flojo por el ruido de la calle.
769,Casa Sazon,2,La sazón del plato quedó desbalanceada y demasiado salada. El lugar se sentia estrecho y las sillas incomodas. Pedimos la carne y quedó en su punto exacto. El anbiente era flojo por el ruido de la calle.
770,El Pirata del Sabor Vegano,2,La decoración esta descuidada y la luz muy fuerte. La decoración y la luz hacen agradable el espacio. La comida llegó fria y sin sabor. Las mesas estan bien separadas y el sitio es silencioso. El lugar se sentia estrecho y las sillas incomodas. El sabor no corresponde a lo que promete la carta. El sabor no corresponde a lo que promete la carta. El descuento del dia deja la cuenta muy barata. La presentación del plato acompaña el sabor.
771,La Verdura Inquieta,3,La porción fue pequena para lo que ofrece el menu. La sazón del plato quedó desbalanceada y demasiado salada. Las verduras estaban frescas y bien condimentadas. Los ingredientes no se sentian frescos. La comnida llegó fria y sin sabor. Pedimos verduras y llegaron recalentadas. Los ingredientes no se sentian frescos. El sabor no corresponde a lo que promete la carta. Probamos el plato picante y el sabor era intenso pero equilibrado.
772,Mercado 93,4,El ambiente del lugar es delicioso y muy acogedor. Las mesas están bien separadas y el sitio es silencioso. La música acompana sin tapar la conversacion.
773,La Terraza del Chico,5,EL PRECIO DE LA CARTA ME PARECIO FLOJO PARA LO QUE SIRVEN. LOS INGREDIENTES NO SE SENTIAN FRESCOS. LA PRESENTACIÓN DEL PLATO ACOMPAÑA EL SABOR. EL DESCUENTO DEL DIA DEJA LA CUENTA MUY BARATA. EL COSTO NO CORRESPONDE CON LA CALIDAD. EL PLATO PRINCIPAL LLEGÓ BIEN PREPARADO Y CON UNA SAZÓN MUY BUENO. PROBAMOS EL PLATO PICANTE Y EL SABOR ERA INTENSO PERO EQUILIBRADO. EL LUGAR ESTABA LIMPIO Y LAS SILLAS COMODAS.
774,Mercado 93,3,La atencion fue distante y poco cortés. El personal es amable y resuelve cualquier duda. El lugar se sentia estrecho y las sillas incomodas. La terraza estaba cerrada y no avisaron. Nos atendieron rapido y con amabilidad.
775,El Pirata del Sabor Vegano,4,La atención fue distante y poco cortés. La atención en la mesa estuvo pendiente todo el tiempo. El ambiente era deficiente por el ruido de la calle.
776,La Verdura Inquieta,3,El personal es amable y resuelve cualquier duda. Pusimos un reclamo y nadie respondió. Es un lugar económico para el tamaño de las porciones. Hubo demora en la cocina y nadie nos aviso. El mesero reviso el pedido antes de traerlo. Nos cobraron un valor distinto al de la carta. Reservas al 601 555 1234.!!!
777,Mercado 93,4,Los ingredientes se sentian frescos y la porción generosa. Los precios subieron y ya no es económico. El valor de los platos esta por debajo del promedio de la zona. El precio es muy bueno para la calidad que ofrecen. El precio es correcto para la calidad que ofrecen.
778,El Pirata del Sabor Vegano,2,El plato venia regular preparado y la carne seca. La terraza estaba cerrada y no avisaron. La comida llegó fria y sin sabor. Habia mucho ruido y el espacio mal ventilado. La decoración y la luz hacen agradable el espacio. El ambiente del lugar es muy bueno y muy acogedor.
779,La Verdura Inquieta,4,La comida estuvo notable y el sabor de los platos me sorprendio. El personal no estaba pendiente de las mesas. La atencion fue distante y poco cortés. Pusimos un reclamo y nadie respondió. Nos atendieron rápido y con amabilidad.
780,La Terraza del Chico,4,Hubo demora en la cocina y nadie nos aviso. Nos atendieron rapido y con amabilidad. Nos ubicaron en la mesa apenas llegamos. Pusimos un reclamo y nadie respondio. La sazón de la casa es lo mejor del menu.
781,El Pirata del Sabor Vegano,5,Pedimos verduras y llegaron recalentadas. La terraza tiene una vista bonita para la tarde. El precio es correcto para la calidad que ofrecen. La música acompaña sin tapar la conversacion. Pagar aqui se siente razonable por lo que sirven. Escribanme a quejas@laterraza.com si quieren la foto.
782,Paul's Mcarne Feast Palace,3,Habia mucho ruido y el espacio mal ventilado. La terraza tiene una vista bonita para la tarde. El ambiente del lugar es muy bueno y muy acogedor.
783,Vegan Island,4,Nos cobraron un valor distinto al de la carta. El menu tiene variedad y cada plato mantiene la calidad. Tomaron el pedido rápido y llegó sin errores. El menu tiene variedad y cada plato mantiene la calidad. El personal es amable y resuelve cualquier duda. La espera para que tomaran el pedido fue larga. La sazón del plato quedó desbalanceada y demasiado salada. El mesero explicó el menu con paciencia y fue cortés.
784,Mercado 93,4,El lugar se sentia estrecho y las sillas incomodas. La cuenta fue economica y el valor esta justificado. La decoración y la luz hacen agradable el espacio. El ambiente del lugar es deliciozo y muy acogedor. La iluminacion del salon es calida. La terraza tiene una vista bonita para la tarde. La promocion que anuncian no aplicaba al pagar. El precio de la carta me parecio deficiente para lo que sirven.
785,El Pirata del Sabor Vegano,4,El servicio fue flojo y tuvimos que llamar varias veces. La espera para que tomaran el pedido fue larga. Hubo demora en la cocina y nadie nos aviso. Pusimos un reclamo y nadie respondió. La atención hizo la diferencia en la visita. Reservas al 320 444 9911.
786,La Verdura Inquieta,4,El mesero se equivocó con el pedido de la mesa. La sazón de la casa es lo mejor del menu. El personal es amable y resuelve cualquier duda. El precio de la carta me parecio pésimo para lo que sirven. Manejan una promocion de almuerzo que vale la pena. La decoración esta descuidada y la luz muy fuerte. La atencion hizo la diferencia en la visita.
787,Casa Sazon,3,La porción fue pequena para lo que ofrece el menu. Hubo demora en la cocina y nadie nos aviso. El servicio fue flojo y tuvimos que llamar varias veces. El menu tiene variedad y cada plato mantiene la calidad. La comida llegó fria y sin sabor. Llamen al 3105551234 antes de ir.
788,La Terraza del Chico,3,Es un lugar económico para el tamano de las porciones. El mesero explicó el menu con paciencia y fue cortés. La comida estuvo delicioso y el sabor de los platos me sorprendió. Tienen precios claros y la factura llega detallada. La comida llegó fria y sin sabor. El postre estaba regular y sin gracia.
789,Vegan Island,4,El espacio es amplio y se siente tranquilo. El ambiente era flojo por el ruido de la calle. La decoracion esta descuidada y la luz muy fuerte. La decoracion y la luz hacen agradable el espacio. La musica acompaña sin tapar la conversacion. La presentacion del plato acompaña el sabor. Nos ubicaron en la mesa apenas llegamos.
790,Vegan Island,3,El personal no estaba pendiente de las mesas. El personal no estaba pendiente de las mesas. La atención fue distante y poco cortés. La espera para que tomaran el pedido fue larga. El servicio fue notable y el mesero muy atento. La espera para que tomaran el pedido fue larga.
791,Paul's Mcarne Feast Palace,4,Cobran la propina sin avisar y el valor final sube. Los ingredientes se sentian frescos y la porción generosa. La cuenta fue economica y el valor esta justificado. El descuento del dia deja la cuenta muy barata. Manejan una promocion de almuerzo que vale la pena. Los precios subieron y ya no es economico. La sazón de la casa es lo mejor del menu. El valor de los platos esta por debajo del promedio de la zona. Pagamos $120.000 en total.
792,La Verdura Inquieta,4,La sazón de la casa es lo mejor del menu. El postre cerro la comida de forma muy bueno. El lugar estaba limpio y las sillas comodas. La comida estuvo correcto y el sabor de los platos me sorprendió. La comida estuvo excelente y el sabor de los platos me sorprendió. Pedimos la carne y quedo en su punto exacto. Pedimos la carne y quedo en su punto exacto. La comida llegó fria y sin sabor. Mas fotos en reservas@casasazon.com.co.
793,Muuu Said the Happy Cow,4,El personal es amable y resuelve cualquier duda. La iluminación del salon es cálida. La atención en la mesa estuvo pendiente todo el tiempo. Pagamos $32.500 en total.
794,La Terraza del Chico,5,Pusimos un reclamo y nadie respondió. El personal es amable y resuelve cualquier duda. La atención hizo la diferencia en la visita. El mesero explicó el menu con paciencia y fue cortés. La atención en la mesa estuvo pendiente todo el tiempo. La atención fue distante y poco cortés. Pusimos un reclamo y nadie respondió. El ambiente del lugar es notable y muy acogedor. El servicio fue excelente y el mesero muy atento.
795,Muuu Said the Happy Cow,4,El menu tiene variedad y cada plato mantiene la calidad. El menu tiene variedad y cada plato mantiene la calidad. Los ingredientes no se sentian frescos.
796,Muuu Said the Happy Cow,4,Las mesas estan bien separadas y el sitio es silencioso. Nos atendieron rápido y con amabilidad. Esperamos mucho tiempo por la cuenta.
797,La Verdura Inquieta,5,El descuento del dia deja la cuenta muy barata. Cobran la propina sin avisar y el valor final sube. La cuenta fue economica y el valor esta justificado. Cobran la propina sin avisar y el valor final sube. El descuento del dia deja la cuenta muy barata.
798,La Verdura Inquieta,5,El valor de los platos esta por debajo del promedio de la zona. El descuento del dia deja la cuenta muy barata. Manejan una promocion de almuerzo que vale la pena. El precio es muy bueno para la calidad que ofrecen. Cobran la propina sin avisar y el valor final sube. El descuento del dia deja la cuenta muy barata.
799,Vegan Island,2,El ambiente del lugar es notable y muy acogedor. El lugar se sentia estrecho y las sillas incomodas. El ambiente del lugar es muy bueno y muy acogedor.
800,Mercado 93,1,La cuenta salió cara y la factura traia cobros que no pedimos. Pagamos mucho por una porción pequena. La espera para que tomaran el pedido fue larga.
